{
    "type": "FeatureCollection",
    "name": "Places of Interest",
    "features": [
        {
            "type": "Feature",
            "geometry": {
                "type": "Point",
                "coordinates": [
                    14.506334,
                    46.047562
                ]
            },
            "properties": {
                "id": 3,
                "name": "Lunch Cafe Marley & Me 1",
                "description": "Slissende hipster serveert lekkere pasta. Het heet een \"Lunch Cafe\", maar je kan er prima avondeten. Porties zijn niet gigantisch dus neem een voorgerecht.",
                "fullDescription": "Slissende hipster serveert lekkere pasta. Het heet een \"Lunch Cafe\", maar je kan er prima avondeten. Porties zijn niet gigantisch dus neem een voorgerecht.",
                "images": [],
                "category": "overig",
                "placeName": "Ljubljana",
                "date": "04-10-2026 21:46:42"
            }
        },
        {
            "type": "Feature",
            "geometry": {
                "type": "Point",
                "coordinates": [
                    16.381591999999955,
                    48.211798
                ]
            },
            "properties": {
                "id": 4,
                "name": "Badeschiff",
                "description": "Boot in de Donau waarin een zwembad, restaurant en dansschool zitten. Alles in de bekende \"afgeragd chique\" stijl. Aangezien Wenen niet zo hip is, is dit wel een aardige uitzondering. Kaart is erg gev...",
                "fullDescription": "Boot in de Donau waarin een zwembad, restaurant en dansschool zitten. Alles in de bekende \"afgeragd chique\" stijl. Aangezien Wenen niet zo hip is, is dit wel een aardige uitzondering. Kaart is erg gevarieerd en het eten (in elk geval de Risotto) is erg lekker.",
                "images": [
                    "https:\/\/lh4.googleusercontent.com\/proxy\/c1nJ_ox7ZHEsYyyZy-5XYdnosPnSugVe99662N5g9zOyjtvLw1PLPAT5c5UztUkqmv6AZCODPqHTneaYtsRGXbMXPKcuO8R609lX1kDQAlGjhihqL5atB8CXhixdIcU"
                ],
                "category": "overig",
                "placeName": "Wenen"
            }
        },
        {
            "type": "Feature",
            "geometry": {
                "type": "Point",
                "coordinates": [
                    14.415627999999971,
                    50.068312
                ]
            },
            "properties": {
                "id": 5,
                "name": "Cafeterapie",
                "description": "Tsjechen hebben volgens mij niet echt een ontbijtcultuur en in Praag is nergens een broodje te krijgen. Dit cafe is daar een uitzondering op. Je kan hier prima ontbijten en de espresso is heerlijk. Li...",
                "fullDescription": "Tsjechen hebben volgens mij niet echt een ontbijtcultuur en in Praag is nergens een broodje te krijgen. Dit cafe is daar een uitzondering op. Je kan hier prima ontbijten en de espresso is heerlijk. Ligt een beetje buiten het door toeristen platgelopen centrum. Kost (zoals alles in Praag) helemaal niets.",
                "images": [
                    "https:\/\/lh6.googleusercontent.com\/proxy\/YYPaDBhldYttCnVXuGjtTi4DXTzJNwtn-xgAYnpa0227hsJD5VYzB-RnZU419MYJKgKp-yAGYB_YqsTYurcv0vmd85yeNjdFpneZlEv-TWO87nkgLz5idcp2GgQ"
                ],
                "category": "overig",
                "placeName": "Praag"
            }
        },
        {
            "type": "Feature",
            "geometry": {
                "type": "Point",
                "coordinates": [
                    14.420024000000012,
                    50.064415
                ]
            },
            "properties": {
                "id": 6,
                "name": "Vyšehrad",
                "description": "De \"Praagse burcht\" ligt noordelijker en is enorm toeristisch en vol. Deze burcht is kleiner, mooier en veel minder druk. Over de muren kun je prima wandelen en je hebt vrijwel constant een mooi uitzi...",
                "fullDescription": "De \"Praagse burcht\" ligt noordelijker en is enorm toeristisch en vol. Deze burcht is kleiner, mooier en veel minder druk. Over de muren kun je prima wandelen en je hebt vrijwel constant een mooi uitzicht over Praag. Als je honger of dorst krijg, zijn er bovendien een paar worst\/bier tentjes binnen de burcht.",
                "images": [
                    "https:\/\/lh5.googleusercontent.com\/proxy\/YcY3fdJnDfF7y-X0dGKEbhr0QrfS4BPwF3eISfnWl9CcPMEXtrAvvQF-nGdaPKpyl6SjALl2b3ZTWnSiwdwxHXIdrJIwvKsh8vZzOlMM4WXcJmnhAxuElV4"
                ],
                "category": "overig",
                "placeName": "Praag"
            }
        },
        {
            "type": "Feature",
            "geometry": {
                "type": "Point",
                "coordinates": [
                    12.798226,
                    47.32378
                ]
            },
            "properties": {
                "id": 7,
                "name": "Ristorante Pizzeria Giuseppe",
                "description": "Veel te vette pizza's in vaag, donker restaurant. Niet doen. Even iets anders zoeken.",
                "fullDescription": "Veel te vette pizza's in vaag, donker restaurant. Niet doen. Even iets anders zoeken.",
                "images": [],
                "category": "overig",
                "placeName": "Zell am See"
            }
        },
        {
            "type": "Feature",
            "geometry": {
                "type": "Point",
                "coordinates": [
                    14.410483999999997,
                    50.088471
                ]
            },
            "properties": {
                "id": 8,
                "name": "Containall",
                "description": "Verstopte biergarten waar Segwaygidsen na hun werk komen blowen. Mooi aan het water en alles wat je van een prima biergarten verwacht. Is tevens gallerie\/kunstdingetje.",
                "fullDescription": "Verstopte biergarten waar Segwaygidsen na hun werk komen blowen. Mooi aan het water en alles wat je van een prima biergarten verwacht. Is tevens gallerie\/kunstdingetje.",
                "images": [
                    "https:\/\/lh3.googleusercontent.com\/proxy\/xo3sSInAztXZP_lnVQYMx3keqxVPqxOMUXXs2NWFpKvEFJOf8Y32rkbDtRzBuSkewsyQk7EsoY2C7-HrRETyfigIkUlHxX1BCN20c3HyTesEoYTcqnOrPQxHIMPLvGrn"
                ],
                "category": "overig",
                "placeName": "Praag"
            }
        },
        {
            "type": "Feature",
            "geometry": {
                "type": "Point",
                "coordinates": [
                    14.405858999999966,
                    50.08053
                ]
            },
            "properties": {
                "id": 9,
                "name": "Ichnusa Botega Bistro",
                "description": "Sardijns restaurant. Klein restaurantje wat niet helemaal vol zit met toeristen. Naast de specialiteiten op het krijtbord, dreunt de strenge serveerster ook nog wat gerechten in steenkolenengels op al...",
                "fullDescription": "Sardijns restaurant. Klein restaurantje wat niet helemaal vol zit met toeristen. Naast de specialiteiten op het krijtbord, dreunt de strenge serveerster ook nog wat gerechten in steenkolenengels op als je wilt. Beste restaurant in Praag (voor zover ik weet...)",
                "images": [
                    "https:\/\/lh4.googleusercontent.com\/proxy\/-tW9YiFN76JmLOaGaUbMqI91JZhBUXxDnoHC2TDATwdozD0cQbOlXUaJiQGS4GTA-4vejaZnjXyWtiuNlBxCmQLLZtFR5jTTOkE1f_2XhsL4euJVDC8kTEalJlN74Abp0rVaVW81LQ"
                ],
                "category": "overig",
                "placeName": "Praag"
            }
        },
        {
            "type": "Feature",
            "geometry": {
                "type": "Point",
                "coordinates": [
                    23.325818600000048,
                    42.69003259999999
                ]
            },
            "properties": {
                "id": 10,
                "name": "Hambara",
                "description": "Schuur in kaarslicht. In een achteraf straatje in Sofia vind men deze kaars verlichte schuur.  Zoek naar een steegje, zonder verlichting en aan het einde een houten schuurtje. Dit is de ingang naar ee...",
                "fullDescription": "Schuur in kaarslicht. In een achteraf straatje in Sofia vind men deze kaars verlichte schuur.  Zoek naar een steegje, zonder verlichting en aan het einde een houten schuurtje. Dit is de ingang naar een grotere houten schuur waar een kroegje in zit. Het steegje zit trouwens links van het groene gebouw. Donker maar sfeervol en wel tamelijk uniek. Vraag naar victor, die geeft je gratis bier.",
                "images": [
                    "https:\/\/lh6.googleusercontent.com\/proxy\/5k6HBQQC0RhGOOao7_pesnyhrF9sEFM3YSO81UaCKaWvGI-ndXuic0fo7XGk4pniEA7767RiDNim0QbOC4xdtJk9L2ADQOEF8vqkOUxmZV0mVBjfPLbSlxoztIFhQ6ZWLPFcCnwxxyfYvBw5ObDjIhI47w"
                ],
                "category": "overig",
                "placeName": "Sofia"
            }
        },
        {
            "type": "Feature",
            "geometry": {
                "type": "Point",
                "coordinates": [
                    5.981073199999969,
                    48.2343819
                ]
            },
            "properties": {
                "id": 11,
                "name": "Camping les mirabelles",
                "description": "Rust tot en met. Mooie kleine camping met mooie plekjes aan de rand van het dorp. Weinig vermaak maar wel veel rust. En dat is ook iets waard. De eigenaar stookt mirabelles drank",
                "fullDescription": "Rust tot en met. Mooie kleine camping met mooie plekjes aan de rand van het dorp. Weinig vermaak maar wel veel rust. En dat is ook iets waard. De eigenaar stookt mirabelles drank",
                "images": [
                    "https:\/\/lh3.googleusercontent.com\/proxy\/8KjyCdB5uPsESea5-dVpLRcvhJnG2obsEze6Pmkqm0QXN4pEUJv4IAASIwo5M1GMIXqPZeT8MLGbgNDefgx1JYpLRKXNbgeRCUIcFIoxclk"
                ],
                "category": "overig",
                "placeName": "They-sous-Montfort"
            }
        },
        {
            "type": "Feature",
            "geometry": {
                "type": "Point",
                "coordinates": [
                    5.940275799999995,
                    48.20375869999999
                ]
            },
            "properties": {
                "id": 12,
                "name": "L'Avenue restaurant\/hotel",
                "description": "Al krijg je er een miljoen voor, hier nooit gaan eten. Ongeloof ranzig eten maar dat is niet het ergste. Het eten was gewoon (zichtbaar) bedorven. Dus tenzij je als ons er ziek van wilt worden of alle...",
                "fullDescription": "Al krijg je er een miljoen voor, hier nooit gaan eten. Ongeloof ranzig eten maar dat is niet het ergste. Het eten was gewoon (zichtbaar) bedorven. Dus tenzij je als ons er ziek van wilt worden of alles terug wilt sturen naar de keuken, hier gewoon nooit gaan eten.",
                "images": [
                    "https:\/\/lh3.googleusercontent.com\/proxy\/Y0W39EdtHv7a5ZzZ4Zggj1pM4bJnG_Y_dXkaoyfCwCaSVdn8cUcIiF-0w14i0d5dTYz7BrjUPcYHFSdGKrrRNlRaTaY3dbmRmqBOebKG_dgzQsW0U0tKoEVlaLwSwfVG3u3l8TWVoFDYKDDgpZNNiwZbBob-lGUI8tw"
                ],
                "category": "overig",
                "placeName": "Vittel"
            }
        },
        {
            "type": "Feature",
            "geometry": {
                "type": "Point",
                "coordinates": [
                    -0.5954329999999572,
                    49.24906
                ]
            },
            "properties": {
                "id": 13,
                "name": "Camping Au Manoir de l'Abbaye",
                "description": "Prima camping. Mooie plekjes, niet te groot bij een oud landhuis. Apart sanitair. De douchegordijnen zijn nog van voor de revolutie. Een pain is trouwens een baquet...of andersom, en de croissant zijn...",
                "fullDescription": "Prima camping. Mooie plekjes, niet te groot bij een oud landhuis. Apart sanitair. De douchegordijnen zijn nog van voor de revolutie. Een pain is trouwens een baquet...of andersom, en de croissant zijn niet zo best. Maar goed, ze worden wel elke ochtend voor je klaar gelegd. Je mag je tent neer zetten waar je wilt.",
                "images": [
                    "https:\/\/lh4.googleusercontent.com\/proxy\/LpCBjWUxW28ffwL9Cerp_vkPq-5PYCydi1HCHtBx4CLL3cjcY_5wHltB76BCWagxLCjihQpezWfJbgw17C1yt_qwgw"
                ],
                "category": "overig",
                "placeName": "Moulins en Bessin"
            }
        },
        {
            "type": "Feature",
            "geometry": {
                "type": "Point",
                "coordinates": [
                    -1.0466260000000602,
                    49.387909
                ]
            },
            "properties": {
                "id": 14,
                "name": "La Marée",
                "description": "Als je in de regio bent...eet hier. Heerlijke (vis) gegeten met uitzicht op de haven. De kok weet wat hij doet en de gerechten zijn met zorg en aandacht gemaakt. Eindelijke weer eens een goed frans re...",
                "fullDescription": "Als je in de regio bent...eet hier. Heerlijke (vis) gegeten met uitzicht op de haven. De kok weet wat hij doet en de gerechten zijn met zorg en aandacht gemaakt. Eindelijke weer eens een goed frans restaurant",
                "images": [
                    "https:\/\/lh5.googleusercontent.com\/proxy\/iuAJ2jceFGxhsS2ZO6uI5P54VQC0W5T0QAuBru7WhsTdWXs560ApdEpp6-m27dy7i3xDYurbG7JAqqQojvLHyVjnj74Z_kW5-72oukOuXDPASOnBkYPmgqQceHkoDoUXZmuk_latiHhdOmln442yWG2z0TtWurEbmCvmRyieb1_Lw7XsPA"
                ],
                "category": "overig",
                "placeName": "Grandcamp-Maisy"
            }
        },
        {
            "type": "Feature",
            "geometry": {
                "type": "Point",
                "coordinates": [
                    23.31791099999998,
                    42.687567
                ]
            },
            "properties": {
                "id": 15,
                "name": "Hotel & Restaurant The House",
                "description": "17 euro per persoon per nacht. Alles is goedkoop in Sofia en dit dus ook. Prima hotel, mooie ruimer kamer, fijne bedden. Wel merkbaar oud. De badkamer was bruin met bruin en bruin en qua schoonmaken w...",
                "fullDescription": "17 euro per persoon per nacht. Alles is goedkoop in Sofia en dit dus ook. Prima hotel, mooie ruimer kamer, fijne bedden. Wel merkbaar oud. De badkamer was bruin met bruin en bruin en qua schoonmaken waren die haren op de grond niet helemaal top.",
                "images": [
                    "https:\/\/lh3.googleusercontent.com\/proxy\/oCTVLZfZsUnwIIoTW6cmyXb9Sby_4kqscqAErdZFRWasaEP67sS1Qs13eqZzqJiSFFmMsM-oBhwTqi_8pXrO5-wutL5lj87YW-8XkCa6wBNi7cBjDDgT9PLs"
                ],
                "category": "overig",
                "placeName": "Sofia"
            }
        },
        {
            "type": "Feature",
            "geometry": {
                "type": "Point",
                "coordinates": [
                    13.751810999999977,
                    51.062627
                ]
            },
            "properties": {
                "id": 16,
                "name": "Zum Bautzner Tor",
                "description": "Traditioneel, klassiek maar wel met wat jong volk. Duitse biertjes drinken zonder fratsen. Leuk interieur en weinig fratsen",
                "fullDescription": "Traditioneel, klassiek maar wel met wat jong volk. Duitse biertjes drinken zonder fratsen. Leuk interieur en weinig fratsen",
                "images": [
                    "https:\/\/lh4.googleusercontent.com\/proxy\/DFw32Sf_yWB3QY5bIWa2SyiCU35svwHlR98lwTiJ8FlUM4z5RgSnCNhYRIHIwFlLorD1deH3KqfsupcmlramwhPb1Fe__Fv0gP_t"
                ],
                "category": "overig",
                "placeName": "Dresden"
            }
        },
        {
            "type": "Feature",
            "geometry": {
                "type": "Point",
                "coordinates": [
                    13.75260400000002,
                    51.067971
                ]
            },
            "properties": {
                "id": 17,
                "name": "Wohnzimmer",
                "description": "Kringloop meubeltjes en biertjes drinken. Leuk!",
                "fullDescription": "Kringloop meubeltjes en biertjes drinken. Leuk!",
                "images": [
                    "https:\/\/lh3.googleusercontent.com\/proxy\/HJM4qZS7lGWDhNbnfjZdXec7Gbkpdvxag5n-bYtWXKVkj2DaKZgzxo6r3z97EK0TiwOdl8Hmgg0NItOzcqOjtAeV1WyFIlt364QLULI8Xhj3W5C_Xzl5TSJrc-_qa6ppjIvIMTqaj3cp2qYgcUWWWdg",
                    "https:\/\/lh5.googleusercontent.com\/proxy\/gnJ_XGSEolFvEtm55aXu2ytcMppQ1ee8trMzd0tafItjdHBFGdWB6mm8UfgmBcUO8jH9MM1gzUTmTN_c6TsqCe58c9pDcg2siu4vo033zQl2RKgN5NXKKHECXOH1Dw"
                ],
                "category": "overig",
                "placeName": "Dresden"
            }
        },
        {
            "type": "Feature",
            "geometry": {
                "type": "Point",
                "coordinates": [
                    13.75169900000003,
                    51.066761
                ]
            },
            "properties": {
                "id": 18,
                "name": "Katy's Garage",
                "description": "Oeh lala, wat een top brunch krijg je hier. Niet goedkoop maar wel de hele dag onbeperkt heel erg veel lekkere dingetjes eten. Met name het enorme aanbod van verse koude en warme hapjes valt op.",
                "fullDescription": "Oeh lala, wat een top brunch krijg je hier. Niet goedkoop maar wel de hele dag onbeperkt heel erg veel lekkere dingetjes eten. Met name het enorme aanbod van verse koude en warme hapjes valt op.",
                "images": [
                    "https:\/\/lh6.googleusercontent.com\/proxy\/mPzvZSIJnzA615PaHX8R-eU2OMpiVtCtkLXKJh9K3bT0idLhpuKnHTRJ7B8adCDSVxz_OQAktZiGIz-4hUD1Tw-_qhkvWoLs2rRzOVYtKQ",
                    "https:\/\/lh6.googleusercontent.com\/proxy\/Emli4ipUWnMNpCO-ihCyDraK8CTBr_ruVe-yHSZhUMEjH0wrWOOxgMXQbSgOxcM3ItuCPVEmX2pq6-WzhiQlG9e1enfFWRVVMejcJAqWNGL3bcy25f13cGVBww81jZQbNQ"
                ],
                "category": "overig",
                "placeName": "Dresden"
            }
        },
        {
            "type": "Feature",
            "geometry": {
                "type": "Point",
                "coordinates": [
                    23.324374300000045,
                    42.68970059999999
                ]
            },
            "properties": {
                "id": 19,
                "name": "Apartamenta",
                "description": "Apartamenta, The Apartment, A:part:mental of gewoon Апартамента. Niemand weet precies hoe het heet, maar het is alleraardigst. De kroeg\/club bestaat uit verschillende kamers waardoor een soort huisfee...",
                "fullDescription": "Apartamenta, The Apartment, A:part:mental of gewoon Апартамента. Niemand weet precies hoe het heet, maar het is alleraardigst. De kroeg\/club bestaat uit verschillende kamers waardoor een soort huisfeestvibe ontstaat. Bier moet zelf gehaald worden in de keuken. Ondanks de losse uitstraling is het personeel opmerkelijk precies. Elk kussentje wordt zorgvuldig recht gelegd. Vervolgens is er regelmatig controle of het kussentje nog wel echt recht ligt.",
                "images": [
                    "https:\/\/lh3.googleusercontent.com\/proxy\/fSvl90uP3hp1syz_DpSnrSWfFDAM5V_V9XX0cDVFRpFUQV-UQPwZXxTCW1xpWDD1n73rEM-fYz82RKBlHftRVZAMHNSQT6xdC5mJYehrHp3a7349kQJOAWoHBrCs5fbmBMUAe1QRKN54VmMQWI0",
                    "https:\/\/lh5.googleusercontent.com\/proxy\/m4A_Z9x4wcu7qdoCNei0chUqhbWjAmPPziW1ytp7QIBWWaOZQ-NG27zg6_PsPp8CTmCU9bxWtIz69hEqT35M-EnAO2ipPOam6loeMelqPAsu0eAoUVXtzqyyWFHO8rtS_zqlu8iNFS4cA_0gFU-kl0Tqr26r"
                ],
                "category": "overig",
                "placeName": "Sofia"
            }
        },
        {
            "type": "Feature",
            "geometry": {
                "type": "Point",
                "coordinates": [
                    23.357348300000012,
                    42.6663151
                ]
            },
            "properties": {
                "id": 20,
                "name": "Museum of socialism",
                "description": "Niet een buurt waarin je door heen wilt als het donker is. Midden in een vage suburb van sofia is hier opeens het socialistisch museum. Leuke collectie socialistische schilderijen met werkende arbeide...",
                "fullDescription": "Niet een buurt waarin je door heen wilt als het donker is. Midden in een vage suburb van sofia is hier opeens het socialistisch museum. Leuke collectie socialistische schilderijen met werkende arbeiders en een beeldentuin vol met afgedankte communistische kunst. Let vooral op de leninkoppen en de rode ster in de tuin die vroeger op het largo gebouw stond. Let op, het is nergens aangegeven en je moet het hek bij de portier door.",
                "images": [
                    "https:\/\/lh6.googleusercontent.com\/proxy\/0LnqjlRZu8BKInr48NHJw0AM-9pAR9n4oLocl3mxK2VxfWsW1TdK9cXiLZRtIs5K44wZ0UmAcCMzp-U3uxZMGrWKnV1UmnmFhery8M0JfaplXvsPbI2p0w8H7XiwfIqi7QZxoroVkmRo"
                ],
                "category": "overig",
                "placeName": "Sofia"
            }
        },
        {
            "type": "Feature",
            "geometry": {
                "type": "Point",
                "coordinates": [
                    23.319683199999986,
                    42.6935143
                ]
            },
            "properties": {
                "id": 21,
                "name": "Boom! Burgers & Steaks",
                "description": "Hamburgerrestaurant van het type die je in elke stad van Nederland kunt vinden. Prima hamburgers en spotgoedkoop (zoals alles in Sofia). De burgers zijn niet heel groot, dus als je honger hebt moet je...",
                "fullDescription": "Hamburgerrestaurant van het type die je in elke stad van Nederland kunt vinden. Prima hamburgers en spotgoedkoop (zoals alles in Sofia). De burgers zijn niet heel groot, dus als je honger hebt moet je er friet of een tweede hamburger bij bestellen. Ze willen nog wel eens een beetje teveel blauwe kaas op de burger gooien.",
                "images": [
                    "https:\/\/lh3.googleusercontent.com\/proxy\/B2hwWihBE0W63f0c5HUP1bi6r_eNCl8TDSvpprTB6mUYROhLFkkfY1gVWwIF4bIHwU54oW-cz1WwOiSgb61p9tpzmORJumjpVtWMU9mYAr8E2Eyp8wouX2wcaldaNVlyvivt7Uy6p5sNIAIgW8PS"
                ],
                "category": "overig",
                "placeName": "Sofia"
            }
        },
        {
            "type": "Feature",
            "geometry": {
                "type": "Point",
                "coordinates": [
                    23.322171000000026,
                    42.691089
                ]
            },
            "properties": {
                "id": 22,
                "name": "Art Hostel",
                "description": "Onder het hostel zit een kroeg waar je ook in mag als je niet in het hostel slaapt. Als het mooi weer is kun je in de achtertuin zitten. Bij slecht weer in de kelder. Het publiek bestaat voornamelijk ...",
                "fullDescription": "Onder het hostel zit een kroeg waar je ook in mag als je niet in het hostel slaapt. Als het mooi weer is kun je in de achtertuin zitten. Bij slecht weer in de kelder. Het publiek bestaat voornamelijk uit jonge hostelbewoners. De kwaliteit van de livemuziek is niet altijd om over naar huis te schrijven.",
                "images": [
                    "https:\/\/lh5.googleusercontent.com\/proxy\/jGddXccB9TF62Pwsa8KtAG3dl5tc7oYCWkBPlTCfided3KrC5PbxEA52s3o7B7-lbkXZJGY7FxoigwFf3YfyzMI_uikC8hrixM3A0lrYUW1r3a63BauYeG37G8g",
                    "https:\/\/lh5.googleusercontent.com\/proxy\/r6jNW7u17_yTDW-A6Nhdpl6PlZ9KOaKkilJg_43MrLtm6KhawNjNXzIsX0Jad3eJQZmXvqHgFhmmoOe8kbwi8N6-KLIQ_r1yFmnwefISUrm5G-SM0CAWwsbNK_w"
                ],
                "category": "overig",
                "placeName": "Sofia"
            }
        },
        {
            "type": "Feature",
            "geometry": {
                "type": "Point",
                "coordinates": [
                    5.119673000000034,
                    52.093437
                ]
            },
            "properties": {
                "id": 23,
                "name": "KARTOFFEL",
                "description": "Kartoffel Utrecht...doe maar niet. Het idee klinkt leuk maar eigenlijk is het eten niet zo goed, de bediening nog minder en de sfeer is eigenlijk ook niet tof. Wij werden vergeten door de bediening en...",
                "fullDescription": "Kartoffel Utrecht...doe maar niet. Het idee klinkt leuk maar eigenlijk is het eten niet zo goed, de bediening nog minder en de sfeer is eigenlijk ook niet tof. Wij werden vergeten door de bediening en vervolgens zoet gehouden met schnapz die de serveerster olijk mee dronk. De Itunes DJ machine gaf nog een beetje troost. (connect met remote en plaatjes aanvragen)",
                "images": [
                    "https:\/\/lh4.googleusercontent.com\/proxy\/ArO0yl8dfMjcsQHZqlwDkCmGvtgFq8Sln1cOFzydP9-Od9vNqP_Ad-fCTH3wfl8P3BJxuur4pxaqjMNZQK9xulnEvT03Ks2Ka2VExsXclDvtCA"
                ],
                "category": "overig",
                "placeName": "Utrecht"
            }
        },
        {
            "type": "Feature",
            "geometry": {
                "type": "Point",
                "coordinates": [
                    4.53167499999995,
                    52.374405
                ]
            },
            "properties": {
                "id": 24,
                "name": "oud zandvoortsch vischrest De Meerpaal",
                "description": "Een ouderwets restaurant vraagt om een ouderwets advies. En dat is dit restaurantje absoluut waard! Een noemenswaardig vriendelijke gastheer\/eigenaar wees ons naar een reeds gereserveerd tafeltje, wan...",
                "fullDescription": "Een ouderwets restaurant vraagt om een ouderwets advies. En dat is dit restaurantje absoluut waard! Een noemenswaardig vriendelijke gastheer\/eigenaar wees ons naar een reeds gereserveerd tafeltje, want hij bepaalde wie waar zat, want hij was de baas. Erg smakelijk klassiek visrestaurant met ouderwets interieur. Wij hadden tarbot en ouderwetse  aal. Beide erg lekker. Laat de gastheer je adviseren in de wijnkeuze, dat kan hij ook goed.",
                "images": [
                    "https:\/\/lh6.googleusercontent.com\/proxy\/McV5IYU1u7s1MH1dw4TaH2017zhu9A3XJIHT3ExzaTdNmO_apxlt50aBh88GFvNp__0ehuBdT8fzwAJytgIFXMXPvnKl7AqMECw5fxXutt5GngIj7XgKMFgf0R0r"
                ],
                "category": "overig",
                "placeName": "Zandvoort"
            }
        },
        {
            "type": "Feature",
            "geometry": {
                "type": "Point",
                "coordinates": [
                    3.667875699999968,
                    51.549316
                ]
            },
            "properties": {
                "id": 25,
                "name": "1611",
                "description": "We spreken uit ervaring als we zeggen dat het lastig is om een goed, niet te duur, gezellig restaurant te vinden in Veere. Dit italiaanse restaurant bleek na een rondje door Veere prima te voldoen. Be...",
                "fullDescription": "We spreken uit ervaring als we zeggen dat het lastig is om een goed, niet te duur, gezellig restaurant te vinden in Veere. Dit italiaanse restaurant bleek na een rondje door Veere prima te voldoen. Bediening is vlot en het eten was lekker. Restaurant is wel vrij klein en zit ook best snel vol.",
                "images": [
                    "https:\/\/lh6.googleusercontent.com\/proxy\/JYBENt5fZYf-ApMJkELJcRtC-_fRiSUpdxyuh1zYOpFNmE3mrWRkp0ck7g-g8gHCuTRhlRV_S0st592NBdeQAjl4iCxiAMg4eVE8FfGjjXUdnXCB09LsOL0n1AuB2R6CeW_xkOEyFUPItwlOXlU_dhzmW4kyu1dvdWYpMq9InW5W6HVIpB7S4J4w"
                ],
                "category": "overig",
                "placeName": "Veere"
            }
        },
        {
            "type": "Feature",
            "geometry": {
                "type": "Point",
                "coordinates": [
                    6.751823000000059,
                    45.8844
                ]
            },
            "properties": {
                "id": 26,
                "name": "Hôtel-Refuge du Prarion",
                "description": "Tja, waar moeten we beginnen. Het eten is goor, koud en niet goedkoop. Het personeel is niet vriendelijk en doet moeilijk als je zegt dat het happy hour is begonnen. Er is al zeker 30 jaar niets meer ...",
                "fullDescription": "Tja, waar moeten we beginnen. Het eten is goor, koud en niet goedkoop. Het personeel is niet vriendelijk en doet moeilijk als je zegt dat het happy hour is begonnen. Er is al zeker 30 jaar niets meer aan het interieur gedaan en de toiletten stinken naar pis. Helaas het enige restaurant in de buurt van de lift. Als je wat verder het gebied in board\/skied zijn er waarschijnlijk betere plekken.",
                "images": [
                    "https:\/\/lh3.googleusercontent.com\/proxy\/IqItXnp3ABnW1mJ6kL1xS4d6T76lkQGpqrYywpx3skZ8zHNeBNGx_N3JBETYx7dVx-uyftcZ0q0CGNEZuNA61QTMk-HfjA"
                ],
                "category": "overig",
                "placeName": "Saint-Gervais-les-Bains"
            }
        },
        {
            "type": "Feature",
            "geometry": {
                "type": "Point",
                "coordinates": [
                    6.872672999999963,
                    45.922951
                ]
            },
            "properties": {
                "id": 27,
                "name": "Restaurant La Flambée",
                "description": "Lekker eten in Chamonix. Dat kan hier. Het interieur bestaat uit hout voorzien van allerlei ski-attributen van weleer. De kaart bestaat uit allerlei verschillende spijzen maar wij hadden de hamburger ...",
                "fullDescription": "Lekker eten in Chamonix. Dat kan hier. Het interieur bestaat uit hout voorzien van allerlei ski-attributen van weleer. De kaart bestaat uit allerlei verschillende spijzen maar wij hadden de hamburger met lokale kaas en geinige uienchutney. Een aanrader maar kijk uit voor de kapotte stoel.",
                "images": [
                    "https:\/\/lh6.googleusercontent.com\/proxy\/NYzt2zvnI5SnliksV7VHxzSrQoTWPNW-jX687QyTRT_To-mKXo1GMh1YbyxAd5MQwhJrB9h0-XAOXhk9AXu0tui_YOhw4X9HjWN48Yg8ksFUYomShlT_RHFyXiPn",
                    "https:\/\/lh6.googleusercontent.com\/proxy\/fCZGI4G_5HVT-6heJRM9c7LWSLbYYdA7rilmdilSIpvVElr7juIpL7BYfyW07V3XDWJpce950l7BlXjp5wIoym0dhFXGO63PHTxe-P0HtJAFKo97AVB-Jg-nq2VQ"
                ],
                "category": "overig",
                "placeName": "Chamonix-Mont-Blanc"
            }
        },
        {
            "type": "Feature",
            "geometry": {
                "type": "Point",
                "coordinates": [
                    13.422573,
                    52.500473
                ]
            },
            "properties": {
                "id": 28,
                "name": "Bateau Ivre 2",
                "description": "Top ontbijt, leuke kroeg.",
                "fullDescription": "Top ontbijt, leuke kroeg.",
                "images": [
                    "https:\/\/lh3.googleusercontent.com\/proxy\/d01isQhDBdDT8zVnGseku7BLfWhDcOB3tSiUC4dBKWtNU1N_SCWLU313fvbTskc3v4LJf-vpzxrtE1jlSyTHuGaJ7FtDMLkjzKKYmHE3qm9JYd_ajRDYaQ"
                ],
                "category": "overig",
                "placeName": "Berlijn",
                "date": "04-10-2026 20:40:38"
            }
        },
        {
            "type": "Feature",
            "geometry": {
                "type": "Point",
                "coordinates": [
                    5.106784999999945,
                    52.082702
                ]
            },
            "properties": {
                "id": 29,
                "name": "De Veiling",
                "description": "Een tip waardig. Mooie locatie maar vooral erg lekker eten. Geen kroeghap maar een volwaardig restaurant met een creatieve inslag. Goed bereid en opmerkelijke gerechten, met zorg bereid. Ook niet zo g...",
                "fullDescription": "Een tip waardig. Mooie locatie maar vooral erg lekker eten. Geen kroeghap maar een volwaardig restaurant met een creatieve inslag. Goed bereid en opmerkelijke gerechten, met zorg bereid. Ook niet zo gek duur.",
                "images": [
                    "https:\/\/lh5.googleusercontent.com\/proxy\/_qUwGn1xNjXAgogE85ipTh2w4z8Gr0lFSbnmdutPmiQ8mK5UgTGLpb2VxfWqgcgl1T7zwfnmMhTFFZgIsPcabkuFnfSjd94oXj_P4vIY-f_fZlPkzRJ8S5Sf"
                ],
                "category": "overig",
                "placeName": "Utrecht"
            }
        },
        {
            "type": "Feature",
            "geometry": {
                "type": "Point",
                "coordinates": [
                    5.048874999999953,
                    52.512229
                ]
            },
            "properties": {
                "id": 30,
                "name": "L'Auberge Damhotel B.V.",
                "description": "Brasserie en restaurant. Wij gingen naar de brasserie waar je voor een schappelijk prijsje een smakelijke burger en mooie sate kreeg. Leuke locatie, let vooral ff op de bijzondere overkapte sluis uit ...",
                "fullDescription": "Brasserie en restaurant. Wij gingen naar de brasserie waar je voor een schappelijk prijsje een smakelijke burger en mooie sate kreeg. Leuke locatie, let vooral ff op de bijzondere overkapte sluis uit 15honderdnogwat",
                "images": [
                    "https:\/\/lh4.googleusercontent.com\/proxy\/BrN_4fhaeN0I28JozlJMtHw40_xviR2S-Pjnnu7XS5DOpMlwiYMnxApDrzAmdvM8ktFrYlrPCWMU1ZAL8rkV1edlsp8VTws"
                ],
                "category": "overig",
                "placeName": "Edam"
            }
        },
        {
            "type": "Feature",
            "geometry": {
                "type": "Point",
                "coordinates": [
                    4.71238900000003,
                    52.013152
                ]
            },
            "properties": {
                "id": 31,
                "name": "Biercafé De Goudse Eend",
                "description": "Jazeker een biercafe in Gouda. Met bier...en soorten bier. Je kent het wel. Wel tikkie achteraf en iets te veel systeemplafond.",
                "fullDescription": "Jazeker een biercafe in Gouda. Met bier...en soorten bier. Je kent het wel. Wel tikkie achteraf en iets te veel systeemplafond.",
                "images": [
                    "https:\/\/lh3.googleusercontent.com\/proxy\/c38_M8SvoUhh8GphwlSJFxVo5YXGdFlXF0oDltpQpVj7wdr2c6XRyGvYruvGDB-1bvtxdivP7f_F5X43AErNrCOP7BANTceKmyvJ0Tyb4kzdkK6Vw64dck-vZVcxY5YS8CZ8V4uQkSHM4w5nH9Y3UZt1gMQ4m1O3m_s-pmFVz1s6v--NoSUN3uLYK1GI-wwoHJ5SjtJ_mfPPeXQ"
                ],
                "category": "overig",
                "placeName": "Gouda"
            }
        },
        {
            "type": "Feature",
            "geometry": {
                "type": "Point",
                "coordinates": [
                    13.402258999999958,
                    52.52865
                ]
            },
            "properties": {
                "id": 32,
                "name": "TRANSIT",
                "description": "WE OFFER A UNIQUE, CASUAL ASIAN DINING EXPERIENCE IN THE HEART OF BERLIN. Schrijven ze op de website. Dat klopt. Niet duur, wel heel lekker. Stokkies eten!",
                "fullDescription": "WE OFFER A UNIQUE, CASUAL ASIAN DINING EXPERIENCE IN THE HEART OF BERLIN. Schrijven ze op de website. Dat klopt. Niet duur, wel heel lekker. Stokkies eten!",
                "images": [
                    "https:\/\/lh3.googleusercontent.com\/proxy\/EADSWq1o62Rh5M9Qucq01qtGuYwPEmJIlmgOzdVNd4Uay1LH1p7BmgeIEblyghuVhhfYeaKSC545cSMFbd5t8cx7xwqaN7g2wxk87-sfUTR-tlYllVvh5VPJ6y8_6Ep2LmfHUyRNUjiTX6Fe6GH-bRBvwG1_QO4"
                ],
                "category": "overig",
                "placeName": "Berlijn"
            }
        },
        {
            "type": "Feature",
            "geometry": {
                "type": "Point",
                "coordinates": [
                    13.421714000000067,
                    52.494033
                ]
            },
            "properties": {
                "id": 33,
                "name": "The Bird in Xberg",
                "description": "Hamburgers! Volgens vele de beste in Berlijn. Allerlei soorten en maten maar onder aan de streep allemaal erg smaakvol. Wel hoog vreetschuur gehalte, maar wel authentiek. Ow en tamelijk pretentieus en...",
                "fullDescription": "Hamburgers! Volgens vele de beste in Berlijn. Allerlei soorten en maten maar onder aan de streep allemaal erg smaakvol. Wel hoog vreetschuur gehalte, maar wel authentiek. Ow en tamelijk pretentieus en ze hebben een mening over eten met mes en vork",
                "images": [
                    "https:\/\/lh5.googleusercontent.com\/proxy\/LO_Sqx_snLNVzaFLzVlhUP4Iy3gkiRK4sQ_XxSOXEx-z9L3gbA8sjHS03l0ukP3xiYdZePIIGFrdsGBsHEnny_4CSqAmKG-NfO550O3PE_nmGUhcstXOGA"
                ],
                "category": "overig",
                "placeName": "Berlijn"
            }
        },
        {
            "type": "Feature",
            "geometry": {
                "type": "Point",
                "coordinates": [
                    6.1387999999999465,
                    51.78659
                ]
            },
            "properties": {
                "id": 34,
                "name": "Zwanenburcht",
                "description": "Niet naar het museumpje in de toren gaan. Oude puinzooi en niet interessant. Uitzicht is ook niet mooi omdat de ramen te klein en goor zijn. Ga eigenlijk maar helemaal niet naar Kleve. Misschien als j...",
                "fullDescription": "Niet naar het museumpje in de toren gaan. Oude puinzooi en niet interessant. Uitzicht is ook niet mooi omdat de ramen te klein en goor zijn. Ga eigenlijk maar helemaal niet naar Kleve. Misschien als je goedkoop drank moet hebben (zie ander advies)",
                "images": [
                    "https:\/\/lh5.googleusercontent.com\/proxy\/wLU32LOy2RjHMBvzRd5v4_cn0OYf9IyVJLo_-he480hfc1lFz5kCCYh08atxgFLK6ovF_TdXngQDPnTiDakWqROtjlI7sFRviX9UEz1QwgIXFPt0bDe8SRdGCAoF9u76vUsmx3aLD3PmMyw7r9K3pFqGr2SXAAzWLf04sprsgt-VszE6vcBjZr8jx3s38xo"
                ],
                "category": "overig",
                "placeName": "Kleef"
            }
        },
        {
            "type": "Feature",
            "geometry": {
                "type": "Point",
                "coordinates": [
                    4.700906000000032,
                    52.66935600000001
                ]
            },
            "properties": {
                "id": 35,
                "name": "Cafe d'Alderliefste",
                "description": "Dit cafe wordt geadviseerd door de prima bediening. Voor de rest is dit een redelijk gemiddelde kroeg, maar de barman was bijzonder alert. Of de temperatuur in de ruimte nu iets te hoog is of de bodem...",
                "fullDescription": "Dit cafe wordt geadviseerd door de prima bediening. Voor de rest is dit een redelijk gemiddelde kroeg, maar de barman was bijzonder alert. Of de temperatuur in de ruimte nu iets te hoog is of de bodem van je glas komt in zicht, de barman voelt je goed aan en handelt direct. Efficiënte, pretentieloze service waar wij van Geensnor van houden.",
                "images": [
                    "https:\/\/lh3.googleusercontent.com\/proxy\/eX4ij2sl5lpDuSvLhjcaTVLKOisCMjInOFO6zGsQPzlTkoMQHfFl3Mg08Ol-QY78m65vJgpuw--FTj8sScH4nFr46PhbXJLR4sI1FY_Fby_hbDaIxgy4-ldK4FvW6yrA0xTk-Q"
                ],
                "category": "overig",
                "placeName": "Bergen"
            }
        },
        {
            "type": "Feature",
            "geometry": {
                "type": "Point",
                "coordinates": [
                    5.137453999999934,
                    52.098492
                ]
            },
            "properties": {
                "id": 36,
                "name": "Goesting Restaurant",
                "description": "Goesting Goesting....wat zal ik er over zeggen. Stond bekend als 1 van de beste restaurants van Utrecht maar, en het zal velen teleurstellen, ik ga het afraden. Geensnor kreeg gerookte zwaan (ja zwaan...",
                "fullDescription": "Goesting Goesting....wat zal ik er over zeggen. Stond bekend als 1 van de beste restaurants van Utrecht maar, en het zal velen teleurstellen, ik ga het afraden. Geensnor kreeg gerookte zwaan (ja zwaan), maar gerookte zwaan is helemaal niet lekker. En riso Venere (zwarte liefdesrijst) was helemaal niet lekker samen met zeeduivel. Allemaal hele mooie gerechten maar uiteindelijk geen lekkere smaken bij elkaar. Dus, doe maar niet, zeker voor dat geld.",
                "images": [],
                "category": "overig",
                "placeName": "Utrecht"
            }
        },
        {
            "type": "Feature",
            "geometry": {
                "type": "Point",
                "coordinates": [
                    5.084068000000002,
                    52.115937
                ]
            },
            "properties": {
                "id": 37,
                "name": "Restaurant The Colour Kitchen Utrecht",
                "description": "Een tip! En dat diep diep in zuilen. The color ktichen is een sociaal project, iets met reintegratie enzo. In een prachtig oud schoolgebouw (let vooral op de prachtige bomen op het schoolplein) server...",
                "fullDescription": "Een tip! En dat diep diep in zuilen. The color ktichen is een sociaal project, iets met reintegratie enzo. In een prachtig oud schoolgebouw (let vooral op de prachtige bomen op het schoolplein) serveren ze lekkere gerechten. Gewoon een leuk restaurant met lekker eten. En goed voor je karma! Ook goed om zomers in de zon bier te drinken op het mooie terras",
                "images": [
                    "https:\/\/lh5.googleusercontent.com\/proxy\/_L3Cw44FViAETgx_9T69RaWCf77O8jtXaJ5yFp8dwBhVpIr2Xh8AoPTRepfAqeUHd9rcI7vc25pvSmd08dEIznXEgsxQg828XA2uQcKWBMc4Lmh5"
                ],
                "category": "overig",
                "placeName": "Utrecht"
            }
        },
        {
            "type": "Feature",
            "geometry": {
                "type": "Point",
                "coordinates": [
                    5.172625000000039,
                    52.063795
                ]
            },
            "properties": {
                "id": 38,
                "name": "Restaurant Vroeg",
                "description": "Het restaurant is prima verder, maar daar gaat de tip niet over. Mocht je smiddags in de buurt zijn, haal dan aan de zijkant aan de balie een frietje stoofvlees. Dat is lekker!",
                "fullDescription": "Het restaurant is prima verder, maar daar gaat de tip niet over. Mocht je smiddags in de buurt zijn, haal dan aan de zijkant aan de balie een frietje stoofvlees. Dat is lekker!",
                "images": [],
                "category": "overig",
                "placeName": "Bunnik"
            }
        },
        {
            "type": "Feature",
            "geometry": {
                "type": "Point",
                "coordinates": [
                    5.722956000000067,
                    51.808103
                ]
            },
            "properties": {
                "id": 39,
                "name": "Thuis bij Fien",
                "description": "Een afrader, en dat komt mede door de enorme chaotische bediening. Vrij veel personeel rent vrij veel door elkaar heen, tegen elkaar op en zomaar wat rond. Op volledige willekeurige momenten mag serve...",
                "fullDescription": "Een afrader, en dat komt mede door de enorme chaotische bediening. Vrij veel personeel rent vrij veel door elkaar heen, tegen elkaar op en zomaar wat rond. Op volledige willekeurige momenten mag serveerste A op moment X je wel een kaart geven, en het andere moment moet een andere collega worden geroepen om je de kaart te geven. Hele vage logistiek waar wij in ieder geval niks van snapten.Het eten was ook niet al te best. Wij hadden gnochi, maar die was niet lekker, en de tuinbonen waren niet gaar.",
                "images": [],
                "category": "overig",
                "placeName": "Wijchen"
            }
        },
        {
            "type": "Feature",
            "geometry": {
                "type": "Point",
                "coordinates": [
                    6.8266459999999825,
                    50.200169
                ]
            },
            "properties": {
                "id": 40,
                "name": "Restaurant Bauernstube",
                "description": "Veel duitser dan dit restaurant wordt het niet. Het interieur is al enkele decennia precies hetzelfde. Voor de bediening en het menu geldt dit waarschijnlijk ook. Toch is het eten best prima en kost h...",
                "fullDescription": "Veel duitser dan dit restaurant wordt het niet. Het interieur is al enkele decennia precies hetzelfde. Voor de bediening en het menu geldt dit waarschijnlijk ook. Toch is het eten best prima en kost het helemaal niets. Allemaal super degelijk.",
                "images": [],
                "category": "overig",
                "placeName": "Daun"
            }
        },
        {
            "type": "Feature",
            "geometry": {
                "type": "Point",
                "coordinates": [
                    6.132310999999959,
                    49.612161
                ]
            },
            "properties": {
                "id": 41,
                "name": "Konrad Café & Bar",
                "description": "Dit is waarschijnlijk de hipste bar van (de stad) Luxemburg. Luxemburg is niet zo hip, dus verwacht niet teveel. Het vleespasteitje is erg lekker en je kan er nog ander eten krijgen. Het terras is erg...",
                "fullDescription": "Dit is waarschijnlijk de hipste bar van (de stad) Luxemburg. Luxemburg is niet zo hip, dus verwacht niet teveel. Het vleespasteitje is erg lekker en je kan er nog ander eten krijgen. Het terras is erg klein en heeft geen zon.",
                "images": [],
                "category": "overig",
                "placeName": "Luxemburg"
            }
        },
        {
            "type": "Feature",
            "geometry": {
                "type": "Point",
                "coordinates": [
                    6.219704999999976,
                    49.78322
                ]
            },
            "properties": {
                "id": 42,
                "name": "Fischer Larochette",
                "description": "Kies maar een van de andere restaurants op het rijtje. Deze is niet goed. Alles wat ze op moeten warmen verbrandt of is te koud. De koffie is goor en de bediening wil zo snel mogelijk naar huis.",
                "fullDescription": "Kies maar een van de andere restaurants op het rijtje. Deze is niet goed. Alles wat ze op moeten warmen verbrandt of is te koud. De koffie is goor en de bediening wil zo snel mogelijk naar huis.",
                "images": [],
                "category": "overig",
                "placeName": "Larochette"
            }
        },
        {
            "type": "Feature",
            "geometry": {
                "type": "Point",
                "coordinates": [
                    6.133144000000016,
                    49.611503
                ]
            },
            "properties": {
                "id": 43,
                "name": "Kaale Kaffi",
                "description": "Jazzbar met vintage kledingwinkel. Op het terras (midden op straat) hebben ze een hele woonkamer nagebouwd. Bediening heeft het razend druk met 6 gasten maar probeert het goed.",
                "fullDescription": "Jazzbar met vintage kledingwinkel. Op het terras (midden op straat) hebben ze een hele woonkamer nagebouwd. Bediening heeft het razend druk met 6 gasten maar probeert het goed.",
                "images": [],
                "category": "overig",
                "placeName": "Luxemburg"
            }
        },
        {
            "type": "Feature",
            "geometry": {
                "type": "Point",
                "coordinates": [
                    6.35821999999996,
                    49.85186
                ]
            },
            "properties": {
                "id": 44,
                "name": "Bollendorfer Stube",
                "description": "Zo duits zo duits. Schnitzel met käse und schinken en damit gebakken aardappels met nog meer spekjes!",
                "fullDescription": "Zo duits zo duits. Schnitzel met käse und schinken en damit gebakken aardappels met nog meer spekjes!",
                "images": [],
                "category": "overig",
                "placeName": "Bollendorf"
            }
        },
        {
            "type": "Feature",
            "geometry": {
                "type": "Point",
                "coordinates": [
                    6.357475000000022,
                    49.851803
                ]
            },
            "properties": {
                "id": 45,
                "name": "Fabry´s Apartmenthof",
                "description": "Redelijke appartementen, wel lekker billig en daarom een tip voor de regio.",
                "fullDescription": "Redelijke appartementen, wel lekker billig en daarom een tip voor de regio.",
                "images": [],
                "category": "overig",
                "placeName": "Bollendorf"
            }
        },
        {
            "type": "Feature",
            "geometry": {
                "type": "Point",
                "coordinates": [
                    5.105953099999965,
                    52.0974219
                ]
            },
            "properties": {
                "id": 46,
                "name": "Gys",
                "description": "Biologisch restaurant gericht op de beurs van de student. Dat betekent niks boven de 10 euro. De hamburger is prima (9 euro) en de frieten lekker. Het biertje van het restaurant zelf (gys bier) komt e...",
                "fullDescription": "Biologisch restaurant gericht op de beurs van de student. Dat betekent niks boven de 10 euro. De hamburger is prima (9 euro) en de frieten lekker. Het biertje van het restaurant zelf (gys bier) komt eigenlijk van de leckere, maar is wel lekker. Ze hebben hefe weisse van pinkus, dat is ook lekker.",
                "images": [
                    "https:\/\/lh5.googleusercontent.com\/proxy\/qDI16d0lv3qMA9bVCKbagMqRjrk072E9LTXvUEeFjvqRaymSCsDsxqyqP6eZfv43OhIVMGXSnWbUKB7sl1iymgKrsd0Qq-o7H5k"
                ],
                "category": "overig",
                "placeName": "Utrecht"
            }
        },
        {
            "type": "Feature",
            "geometry": {
                "type": "Point",
                "coordinates": [
                    5.109655999999973,
                    52.09570000000001
                ]
            },
            "properties": {
                "id": 47,
                "name": "O-Café",
                "description": "Lekkere koffie met uitzicht op de bouwput van utrecht. Tip is het brood want dat kun je kopen en is erg lekker.",
                "fullDescription": "Lekkere koffie met uitzicht op de bouwput van utrecht. Tip is het brood want dat kun je kopen en is erg lekker.",
                "images": [],
                "category": "overig",
                "placeName": "Utrecht"
            }
        },
        {
            "type": "Feature",
            "geometry": {
                "type": "Point",
                "coordinates": [
                    5.108010000000036,
                    52.082836
                ]
            },
            "properties": {
                "id": 48,
                "name": "Hasekura Utrecht B.V.",
                "description": "Onbeperkt sushi eten. Onbeperkt is altijd een waarschuwing en in dit geval klopt dat ook. Geen fijne sushi hier.",
                "fullDescription": "Onbeperkt sushi eten. Onbeperkt is altijd een waarschuwing en in dit geval klopt dat ook. Geen fijne sushi hier.",
                "images": [],
                "category": "overig",
                "placeName": "Utrecht"
            }
        },
        {
            "type": "Feature",
            "geometry": {
                "type": "Point",
                "coordinates": [
                    5.117979999999989,
                    52.097885
                ]
            },
            "properties": {
                "id": 49,
                "name": "Cafe Averechts",
                "description": "Vrijwilligerscafe. Leuke sfeer, lekker bier. Wel erg voor de locals\/buurtbewoners.",
                "fullDescription": "Vrijwilligerscafe. Leuke sfeer, lekker bier. Wel erg voor de locals\/buurtbewoners.",
                "images": [],
                "category": "overig",
                "placeName": "Utrecht"
            }
        },
        {
            "type": "Feature",
            "geometry": {
                "type": "Point",
                "coordinates": [
                    5.116209000000026,
                    52.090759
                ]
            },
            "properties": {
                "id": 50,
                "name": "Restaurant Luc Utrecht",
                "description": "Bij Luc kun je kei lekker lunchen. Niet zo goedkoop, wel heel erg lekker. Geensnor had een sandwich met pulled pork en zwitsersekaas. Voor LUC loop ik voortaan om.",
                "fullDescription": "Bij Luc kun je kei lekker lunchen. Niet zo goedkoop, wel heel erg lekker. Geensnor had een sandwich met pulled pork en zwitsersekaas. Voor LUC loop ik voortaan om.",
                "images": [
                    "https:\/\/lh6.googleusercontent.com\/proxy\/9zodn_m9zGpyM5eOJ9r2HeGYiGk6F0JRx_l3c4SrnyjhCVMqUwAuTL4qx4cBwLFfkN7W-RTQHRdrtWttfaXnMKCkqC0gGiyLNrOcLCFmBYR8vHyg9QYioDlMUGIejyi7OqnFD-nYK2_tQX4RB2YnKAGqRSrw3LoHUbJ3"
                ],
                "category": "overig",
                "placeName": "Utrecht"
            }
        },
        {
            "type": "Feature",
            "geometry": {
                "type": "Point",
                "coordinates": [
                    5.116500999999971,
                    52.091823
                ]
            },
            "properties": {
                "id": 51,
                "name": "Beers & Barrels",
                "description": "Goh....oude gracht en toch ok. Dat is op zichzelf al een tip waardig. Je eet hier burgers en beers.",
                "fullDescription": "Goh....oude gracht en toch ok. Dat is op zichzelf al een tip waardig. Je eet hier burgers en beers.",
                "images": [],
                "category": "overig",
                "placeName": "Utrecht"
            }
        },
        {
            "type": "Feature",
            "geometry": {
                "type": "Point",
                "coordinates": [
                    -7.648572599999965,
                    37.1269522
                ]
            },
            "properties": {
                "id": 52,
                "name": "Pessoa's cafe",
                "description": "Stukje minder toeristisch dan de rest. Fijn terrasje, beetje hip met lekkere wijn. Vriendelijke goed engels sprekende jongeman serveert je lokale wijn.",
                "fullDescription": "Stukje minder toeristisch dan de rest. Fijn terrasje, beetje hip met lekkere wijn. Vriendelijke goed engels sprekende jongeman serveert je lokale wijn.",
                "images": [],
                "category": "overig",
                "placeName": "Tavira"
            }
        },
        {
            "type": "Feature",
            "geometry": {
                "type": "Point",
                "coordinates": [
                    -7.696979599999999,
                    37.1620074
                ]
            },
            "properties": {
                "id": 53,
                "name": "Casa Mima",
                "description": "Mooi vakantiehuisje in de Algarve geschikt voor 4 tot 6 personen. Prive zwembad en mooie sinaasappel boomgaard. Mooi groot terras en fijne keuken. Ook bijzonder geschikt voor kinderen.",
                "fullDescription": "Mooi vakantiehuisje in de Algarve geschikt voor 4 tot 6 personen. Prive zwembad en mooie sinaasappel boomgaard. Mooi groot terras en fijne keuken. Ook bijzonder geschikt voor kinderen.",
                "images": [],
                "category": "overig",
                "placeName": "Tavira"
            }
        },
        {
            "type": "Feature",
            "geometry": {
                "type": "Point",
                "coordinates": [
                    -7.442333899999994,
                    37.2179422
                ]
            },
            "properties": {
                "id": 54,
                "name": "Castro Marim",
                "description": "Mooi groot fort, dat wel natuurlijk, maar er is verder niks aan te zien. Kale warme berg stenen op een berg. Het zal wel zijn publiek hebben maar ik ben het niet.",
                "fullDescription": "Mooi groot fort, dat wel natuurlijk, maar er is verder niks aan te zien. Kale warme berg stenen op een berg. Het zal wel zijn publiek hebben maar ik ben het niet.",
                "images": [],
                "category": "overig",
                "placeName": "Castro Marim"
            }
        },
        {
            "type": "Feature",
            "geometry": {
                "type": "Point",
                "coordinates": [
                    -9.134465999999975,
                    38.708797
                ]
            },
            "properties": {
                "id": 55,
                "name": "Brunch Cafe",
                "description": "De beste plek in Lissabon om te ontbijten. Boven gemiddeld goede koffie maar ook een heerlijk ontbijt. Beetje hippig",
                "fullDescription": "De beste plek in Lissabon om te ontbijten. Boven gemiddeld goede koffie maar ook een heerlijk ontbijt. Beetje hippig",
                "images": [
                    "https:\/\/lh4.googleusercontent.com\/proxy\/ctqV1IGIoTbOR7OE-hOjkME4jKjCrIGneo9pLw1sB9s135mAKdczHJvqoslm6KRgpEF_nbRb-ov8hF5djZUw319VMWB9ALzY_De3jNVYCf6frg"
                ],
                "category": "overig",
                "placeName": "Lissabon"
            }
        },
        {
            "type": "Feature",
            "geometry": {
                "type": "Point",
                "coordinates": [
                    -9.128567999999973,
                    38.713611
                ]
            },
            "properties": {
                "id": 56,
                "name": "Alfama - Lisbon Lounge Suites",
                "description": "Niet te duur hotel in een van de leukste wijken van Lissabon. Het klassieke vintage trammetje stopt direct voor de deur en alle leuke trapjes enzo geeft het geheel een heel leuk hotel op een hele leuk...",
                "fullDescription": "Niet te duur hotel in een van de leukste wijken van Lissabon. Het klassieke vintage trammetje stopt direct voor de deur en alle leuke trapjes enzo geeft het geheel een heel leuk hotel op een hele leuk plek. Het bed was goed genoeg. Het ontbijt erg karig, maar dan moet je even naar brunch cafe (zie andere tip) en dat is op loopafstand.",
                "images": [
                    "https:\/\/lh3.googleusercontent.com\/proxy\/8i31s6XCkXMOK2CL8yCQr0FkKPioaHwltHmGD0-KZMVegGjruRdg6WxGyY19jdjgj2vVTLyUe1UJltThu01hGpe3niikJzPRsQYY8ZWqnQ"
                ],
                "category": "overig",
                "placeName": "Lissabon"
            }
        },
        {
            "type": "Feature",
            "geometry": {
                "type": "Point",
                "coordinates": [
                    -9.130190999999968,
                    38.717412
                ]
            },
            "properties": {
                "id": 57,
                "name": "O Pitéu da Graça",
                "description": "Ach het eten was wel ok, en het zal wel tiepisch portugees zijn allemaal. Maar de Portugezen kunnen nou eenmaal niet zo lekker koken. En omdat dit restaurant overal wordt aangeraden (ook door het hote...",
                "fullDescription": "Ach het eten was wel ok, en het zal wel tiepisch portugees zijn allemaal. Maar de Portugezen kunnen nou eenmaal niet zo lekker koken. En omdat dit restaurant overal wordt aangeraden (ook door het hotel) zet ik er een doodshoofd neer, omdat het ondanks alle aanbevelingen wat mij betreft echt niet de moeite waard is.",
                "images": [],
                "category": "overig",
                "placeName": "Lissabon"
            }
        },
        {
            "type": "Feature",
            "geometry": {
                "type": "Point",
                "coordinates": [
                    5.847896999999989,
                    51.852782000000005
                ]
            },
            "properties": {
                "id": 58,
                "name": "STOOM beer&food",
                "description": "De Oersoep brouwerij heeft ook een eigen kroeg\/restaurant waar je heel goed bier kan drinken. Een gewoon pilsje is er niet te krijgen maar obscuur bier van mede microbrouwerijen des te meer. Ook deze ...",
                "fullDescription": "De Oersoep brouwerij heeft ook een eigen kroeg\/restaurant waar je heel goed bier kan drinken. Een gewoon pilsje is er niet te krijgen maar obscuur bier van mede microbrouwerijen des te meer. Ook deze kroeg heeft zich (niet onverdienstelijk) op de hamburgerrage gestort.",
                "images": [],
                "category": "overig",
                "placeName": "Nijmegen"
            }
        },
        {
            "type": "Feature",
            "geometry": {
                "type": "Point",
                "coordinates": [
                    6.007515000000012,
                    50.391878
                ]
            },
            "properties": {
                "id": 59,
                "name": "Brasserie de Bellevaux",
                "description": "Geinig brouwerijtje. De Black is het lekkerst als je tenminste een beetje van stoutachtig bier houdt. De rest is ook prima weg te krijgen. Wat minder goed weg te krijgen is, is je auto als je die op h...",
                "fullDescription": "Geinig brouwerijtje. De Black is het lekkerst als je tenminste een beetje van stoutachtig bier houdt. De rest is ook prima weg te krijgen. Wat minder goed weg te krijgen is, is je auto als je die op het weiland hebt gezet en het heeft geregend. Dan wordt het allemaal nogal een modderzooi rondom de brouwerij. Laarzen of wandelschoenen mee dus.",
                "images": [
                    "https:\/\/lh5.googleusercontent.com\/proxy\/uHW6Pxq7hX12nqbFcUY1QtKuPlqpqcf6TxPI0XkCqWL-HCBA1At8gCYGXcT9AlA_2G6erF6QByNOeHlj13vDX_ka4Vbc74bi1X2H5Y7mj4Y"
                ],
                "category": "overig",
                "placeName": "Malmedy"
            }
        },
        {
            "type": "Feature",
            "geometry": {
                "type": "Point",
                "coordinates": [
                    6.02196600000002,
                    50.365749
                ]
            },
            "properties": {
                "id": 60,
                "name": "Ferme Refat",
                "description": "Hotel van bekenden van geensnor.nl. Erg mooi opgeknapte boerderij. Ideaal voor als je van paarden houdt omdat ze ook stallen (+paarden die je kan lenen) hebben. Bij Geensnor zijn we meer van het wielr...",
                "fullDescription": "Hotel van bekenden van geensnor.nl. Erg mooi opgeknapte boerderij. Ideaal voor als je van paarden houdt omdat ze ook stallen (+paarden die je kan lenen) hebben. Bij Geensnor zijn we meer van het wielrennen en dat kan hier uiteraard ook prima (Stokeu is om de hoek). Boek het hotel met diner erbij wat dat is erg goed.",
                "images": [
                    "https:\/\/lh4.googleusercontent.com\/proxy\/HWkfXTn4204hoq_OASn1ZHTLxYOgUQ_UN2LqS-JfbGKIzEsdQbFv4mE0il8A5JI2f2ljiHu7XwUkkxlu9U1k3givSLlRStvgpeR2uc5d4piKEcBISYNzCVa8_Amvwu-4i8-wfQG_AZPuBiV7TlgwKcY"
                ],
                "category": "overig",
                "placeName": "Stavelot"
            }
        },
        {
            "type": "Feature",
            "geometry": {
                "type": "Point",
                "coordinates": [
                    -9.143399000000045,
                    38.711138
                ]
            },
            "properties": {
                "id": 61,
                "name": "Restaurante Stasha",
                "description": "Het was niet extreem slecht maar toch een doodshoofdje. Octopus was gewoon gebakken octopus en mijn vlees wat eigenlijk helemaal niet lekker afgetopt met geitenkaas. Het smaakt gewoon niet zo lekker h...",
                "fullDescription": "Het was niet extreem slecht maar toch een doodshoofdje. Octopus was gewoon gebakken octopus en mijn vlees wat eigenlijk helemaal niet lekker afgetopt met geitenkaas. Het smaakt gewoon niet zo lekker hier, ondanks dat het wel redelijk is klaargemaakt.",
                "images": [],
                "category": "overig",
                "placeName": "Lissabon"
            }
        },
        {
            "type": "Feature",
            "geometry": {
                "type": "Point",
                "coordinates": [
                    -8.613045000000056,
                    41.149964
                ]
            },
            "properties": {
                "id": 62,
                "name": "Café Candelabro",
                "description": "Leuke gezellige kroeg. Er wordt wel gerookt",
                "fullDescription": "Leuke gezellige kroeg. Er wordt wel gerookt",
                "images": [],
                "category": "overig",
                "placeName": "Porto"
            }
        },
        {
            "type": "Feature",
            "geometry": {
                "type": "Point",
                "coordinates": [
                    -8.614129999999932,
                    41.14974
                ]
            },
            "properties": {
                "id": 63,
                "name": "Restaurant COMME ÇA",
                "description": "Een beetje verstopt (het gebouw ziet er niet uit als een restaurant) maar binnen is het heel leuk ingericht. Je besteld hier altijd een maaltijd voor 2 personen, dus het is onderhandelen geblazen aan ...",
                "fullDescription": "Een beetje verstopt (het gebouw ziet er niet uit als een restaurant) maar binnen is het heel leuk ingericht. Je besteld hier altijd een maaltijd voor 2 personen, dus het is onderhandelen geblazen aan tafel. Het eten is lekker en goed bereikt (en portugees). De bakalou was lekker. De gaflambeerde chorizo zag er vooral lekker uit. Het dessert is nogal ruim. De prijs is erg laag. Je betaald  6 euro pp voor het eten en een flesje wijn voor slechts 8 euro.",
                "images": [
                    "https:\/\/lh5.googleusercontent.com\/proxy\/dC2f-W2J9ANDZctDgCMsAc7LFZ1hNLKiHb8bTg2d1uWXdqWF8jUyXKs1V9eYjYJqH18Ge1JtlD3E6yVuJK_cU2m8WSB2n1zQWPW5ue4NJcRxy19nLlUvriBUjNhM5oo9sIc9N_y8hhW8uZbIno0XcQr59x_K_Q"
                ],
                "category": "overig",
                "placeName": "Porto"
            }
        },
        {
            "type": "Feature",
            "geometry": {
                "type": "Point",
                "coordinates": [
                    -8.61502100000007,
                    41.148922
                ]
            },
            "properties": {
                "id": 64,
                "name": "Aduela taberna\/bar",
                "description": "Heel gezellige kroeg op de hoek! De fino (klein biertje) is slechts 1 euro 50 dus dat is door drinken hier. Een tikkie hippig",
                "fullDescription": "Heel gezellige kroeg op de hoek! De fino (klein biertje) is slechts 1 euro 50 dus dat is door drinken hier. Een tikkie hippig",
                "images": [
                    "https:\/\/lh3.googleusercontent.com\/proxy\/6x-mZmqjzNQn5ccw4DLUDQy0zPWeLZ1bIFmEfsdhCoiGwlj1NekcFzhtwx6e0zmxAhEL0jAcApfuswHUc3ybF5vd1ypFB5x5yIsILlKVVrwryfdpurarZQ"
                ],
                "category": "overig",
                "placeName": "Porto"
            }
        },
        {
            "type": "Feature",
            "geometry": {
                "type": "Point",
                "coordinates": [
                    -8.61277599999994,
                    41.145291
                ]
            },
            "properties": {
                "id": 65,
                "name": "A Sandeira do Porto",
                "description": "Top lunch! Voor 5 euro een heerlijk huisgemaakt soepje, een kei lekker broodje of salade en een limonade. Het is een kleine zaak maar als je gelukt hebt heb je hier een top lunch voor niet veel geld.",
                "fullDescription": "Top lunch! Voor 5 euro een heerlijk huisgemaakt soepje, een kei lekker broodje of salade en een limonade. Het is een kleine zaak maar als je gelukt hebt heb je hier een top lunch voor niet veel geld.",
                "images": [
                    "https:\/\/lh3.googleusercontent.com\/proxy\/3VUZuq5ieu9g243hsvxueo88UW2mUf8-oj-s2_YJAEkN8Ggh30Deq-59MRo4TMwmBLMoxhAyZTMEKiU9jy2KZ8IOxh_wOwfTT04hZnxpeRRoWVauVvOC40PHaam_h_TjDcmqVykO6Qa0iZzU2K-j8QjTpGPmEfRN7A"
                ],
                "category": "overig",
                "placeName": "Porto"
            }
        },
        {
            "type": "Feature",
            "geometry": {
                "type": "Point",
                "coordinates": [
                    -8.087616000000025,
                    41.073994
                ]
            },
            "properties": {
                "id": 66,
                "name": "Restaurante O Meu Gatinho",
                "description": "Prima restaurant op een niet zo'n mooie plek. We hadden een simpele maar hele smakelijke maaltijd, en dat is geluk hebben in Portugal. De desserts verdienen extra aandacht.",
                "fullDescription": "Prima restaurant op een niet zo'n mooie plek. We hadden een simpele maar hele smakelijke maaltijd, en dat is geluk hebben in Portugal. De desserts verdienen extra aandacht.",
                "images": [],
                "category": "overig",
                "placeName": "Cinfães"
            }
        },
        {
            "type": "Feature",
            "geometry": {
                "type": "Point",
                "coordinates": [
                    5.671956000000023,
                    51.90752
                ]
            },
            "properties": {
                "id": 67,
                "name": "Herberg de Engel",
                "description": "U heeft iets te vieren en zoekt een restaurant met net iets meer dan normaal. Dan is dit de plek die u zoekt. De herberg ligt prachtig buitendijks met uitzicht op de waal en heeft nogal wat historie (...",
                "fullDescription": "U heeft iets te vieren en zoekt een restaurant met net iets meer dan normaal. Dan is dit de plek die u zoekt. De herberg ligt prachtig buitendijks met uitzicht op de waal en heeft nogal wat historie (1591, spanjaarden, oranje, ellende) De kok, Inno Venhorst, heeft een naam en maakt deze ook waar. Spannende gerechten met opvallend goede bereiding en smaak. Het personeel is vrij formeel en alles gaat precies zoals het hoort maar toch is het een ontspannen sfeer. Trouwens, ook de lunch is het noemen waard. Probeer ook de lokale (Hiense) wijn.",
                "images": [
                    "https:\/\/lh6.googleusercontent.com\/proxy\/8bwDJhne2j-q2NlJ1m9BXllW6BNHXPsqrqWp7rC75zqsknMj-i-iC1n169SU9TvFz6jT71_77LONVzAtnrShnQS0"
                ],
                "category": "overig",
                "placeName": "Dodewaard"
            }
        },
        {
            "type": "Feature",
            "geometry": {
                "type": "Point",
                "coordinates": [
                    13.403442000000041,
                    52.527492
                ]
            },
            "properties": {
                "id": 68,
                "name": "Muret la Barba",
                "description": "Itliaan, voor lunch. Ik had lekker huisgemaakte ravioli met taleggio en een glaasje rode wijn.Tikkie sjiek maar boven gemiddelde kwaliteit \/ aandacht voor het eten.",
                "fullDescription": "Itliaan, voor lunch. Ik had lekker huisgemaakte ravioli met taleggio en een glaasje rode wijn.Tikkie sjiek maar boven gemiddelde kwaliteit \/ aandacht voor het eten.",
                "images": [],
                "category": "overig",
                "placeName": "Berlijn"
            }
        },
        {
            "type": "Feature",
            "geometry": {
                "type": "Point",
                "coordinates": [
                    13.409988200000045,
                    52.5283261
                ]
            },
            "properties": {
                "id": 69,
                "name": "Kaschk",
                "description": "Koffie en hippe biertjes! De hipster achter de toog spreekt na 2 jaar nog steeds geen woord Duits. Tevens bakermat van shuffleboard Berlijn. Shuffleboard, een soort sjoelen zonder bak met zand en hout...",
                "fullDescription": "Koffie en hippe biertjes! De hipster achter de toog spreekt na 2 jaar nog steeds geen woord Duits. Tevens bakermat van shuffleboard Berlijn. Shuffleboard, een soort sjoelen zonder bak met zand en houten plaat en heel lang. Bij Kaschk zijn ze er erg serieus over maar zeer bereid om je lekker om weg te helpen. Tip!",
                "images": [
                    "https:\/\/lh4.googleusercontent.com\/proxy\/1jXe4xMpIDoIKGpoBIC7wtVSCk2f0l9sPTQVZlQyQePvCfCF2smFD-sgFb7VSetfYe5b_Dl9K28qjGDjUGQtW6pW-E4Cg92vCydo06sQ5XufcfnuYhhH0-7WzzKhreUH2Q"
                ],
                "category": "overig",
                "placeName": "Berlijn"
            }
        },
        {
            "type": "Feature",
            "geometry": {
                "type": "Point",
                "coordinates": [
                    4.859778799999958,
                    52.37139149999999
                ]
            },
            "properties": {
                "id": 70,
                "name": "Fa. Speijkervet",
                "description": "Bij Speijkervet kopen ze een heel beest en bedenken ze daar een menu bij. Menu wisselt dus sterk. Heel erg lekker eten! Als flinke honger hebt kun je voor 350 euro ook een heel speenvarken bestellen. ...",
                "fullDescription": "Bij Speijkervet kopen ze een heel beest en bedenken ze daar een menu bij. Menu wisselt dus sterk. Heel erg lekker eten! Als flinke honger hebt kun je voor 350 euro ook een heel speenvarken bestellen. Wel even reserveren want het is vrij druk.",
                "images": [
                    "https:\/\/lh6.googleusercontent.com\/proxy\/6cADeJDK1RfrAQgiKfT5wVbmYgjidIdNyfu-aTe4XdUFKGuoaBPpsag1HgJsqHBwYtSobQ62Jr4enuAvzPjhqqcvjb29DpWtcCz0Pe97"
                ],
                "category": "overig",
                "placeName": "Amsterdam"
            }
        },
        {
            "type": "Feature",
            "geometry": {
                "type": "Point",
                "coordinates": [
                    4.302289999999971,
                    52.079831
                ]
            },
            "properties": {
                "id": 71,
                "name": "Baklust",
                "description": "Of je bak lust! Vega\/vegan broodjes. Alles vers en bio. Wel heel lekker :)",
                "fullDescription": "Of je bak lust! Vega\/vegan broodjes. Alles vers en bio. Wel heel lekker :)",
                "images": [],
                "category": "overig",
                "placeName": "Den Haag"
            }
        },
        {
            "type": "Feature",
            "geometry": {
                "type": "Point",
                "coordinates": [
                    5.116919000000053,
                    52.093942
                ]
            },
            "properties": {
                "id": 72,
                "name": "Casa di David a\/d Werf",
                "description": "Hele goede (maar dure) italiaan",
                "fullDescription": "Hele goede (maar dure) italiaan",
                "images": [],
                "category": "overig",
                "placeName": "Utrecht"
            }
        },
        {
            "type": "Feature",
            "geometry": {
                "type": "Point",
                "coordinates": [
                    5.12088719999997,
                    52.08926839999999
                ]
            },
            "properties": {
                "id": 73,
                "name": "Bistronome Des Arts",
                "description": "Frans. In een bijzonder aardig (en heel oud) grachtenpand zit Des Arts. Een tiepische franse keuken met daadwerkelijk aandacht voor het eten. Dat weten we, want de ober waarschuwde vooraf dat alles la...",
                "fullDescription": "Frans. In een bijzonder aardig (en heel oud) grachtenpand zit Des Arts. Een tiepische franse keuken met daadwerkelijk aandacht voor het eten. Dat weten we, want de ober waarschuwde vooraf dat alles lang duurt omdat alles vers wordt bereid. En ja..dat betekent dat voor een mals lam je dat 1.5 uur de oven in moet doen. Maar je proeft het wel want het is hier erg lekker eten. En vooraf waarschuwen is natuurlijk ook prijzenswaardig. De slakken vooraf waren iets minder, de kaasplank daarintegen weer erg goed. Aanrader, niet goedkoop. We betaalden voor 2 personen 115 euro.",
                "images": [
                    "https:\/\/lh4.googleusercontent.com\/proxy\/GfdTD12u23Yd8wlMhfEkqc9BJdMD0TaITSL3S-I8I1W_gmpOW_w17_NncH59druM7BF-GjaYRgy1BkAlWkyJOmuIRbtz-F-qvYFTGnYLGl36Dnn2A9jHZAzDdFErrh425_0OaID4ADOHBlpVQ8LU"
                ],
                "category": "overig",
                "placeName": "Utrecht"
            }
        },
        {
            "type": "Feature",
            "geometry": {
                "type": "Point",
                "coordinates": [
                    4.286997700000029,
                    51.49406810000001
                ]
            },
            "properties": {
                "id": 74,
                "name": "Grieks Specialiteitenrestaurant Delphi",
                "description": "Een Griep die Delphi heet. Klassiek! Qua Griek is de Griek prima. Lekkere giros en prima souflaki. Wij hadden een of andere verzamelschotel (zoals dat gaat met Grieken)",
                "fullDescription": "Een Griep die Delphi heet. Klassiek! Qua Griek is de Griek prima. Lekkere giros en prima souflaki. Wij hadden een of andere verzamelschotel (zoals dat gaat met Grieken)",
                "images": [],
                "category": "overig",
                "placeName": "Bergen op Zoom"
            }
        },
        {
            "type": "Feature",
            "geometry": {
                "type": "Point",
                "coordinates": [
                    5.840793299999973,
                    51.8341912
                ]
            },
            "properties": {
                "id": 75,
                "name": "Visspeciaalzaak Baarssen",
                "description": "Lekkere vis bij Baarssen. Ik had kibbelingen, die waren prima.",
                "fullDescription": "Lekkere vis bij Baarssen. Ik had kibbelingen, die waren prima.",
                "images": [],
                "category": "overig",
                "placeName": "Nijmegen"
            }
        },
        {
            "type": "Feature",
            "geometry": {
                "type": "Point",
                "coordinates": [
                    4.313784599999963,
                    51.6605468
                ]
            },
            "properties": {
                "id": 76,
                "name": "Paviljoen Sluishaven",
                "description": "Niks bijzonders maar toch noemenswaardig omdat ze open zijn op nieuwjaarsdag. Dus, zoek je iets te eten op nieuwjaarsdag, dan moet je hier naar toe.",
                "fullDescription": "Niks bijzonders maar toch noemenswaardig omdat ze open zijn op nieuwjaarsdag. Dus, zoek je iets te eten op nieuwjaarsdag, dan moet je hier naar toe.",
                "images": [],
                "category": "overig",
                "placeName": "Ooltgensplaat"
            }
        },
        {
            "type": "Feature",
            "geometry": {
                "type": "Point",
                "coordinates": [
                    5.851296000000048,
                    51.822592
                ]
            },
            "properties": {
                "id": 77,
                "name": "Café Piet Huisman",
                "description": "Pretentieloze kroeg met enorme bierkeuze. Lekkere stoelen en goede bediening door de  familie Huisman zelf. Veel meer \"Nimweegs\" wordt het niet....",
                "fullDescription": "Pretentieloze kroeg met enorme bierkeuze. Lekkere stoelen en goede bediening door de  familie Huisman zelf. Veel meer \"Nimweegs\" wordt het niet....",
                "images": [
                    "https:\/\/lh6.googleusercontent.com\/proxy\/l3M2o6tK6VCdzjrM3UBN-rXkrFADeKbHvDOz-hUPWbl7aYPHjtSUEblThK29Biryq0KO40LlZV_fPHJGbnw"
                ],
                "category": "overig",
                "placeName": "Nijmegen"
            }
        },
        {
            "type": "Feature",
            "geometry": {
                "type": "Point",
                "coordinates": [
                    11.915407800000025,
                    46.5558761
                ]
            },
            "properties": {
                "id": 78,
                "name": "Rifugio Ciampai",
                "description": "Lekkere pizza's op een erg handige plaats (midden tussen 3 liften). Kom iets voor of na lunchtijd want anders kan het wel eens druk zijn. Soms houden ze ook een eetfestival (ofzoiets) en staat het hel...",
                "fullDescription": "Lekkere pizza's op een erg handige plaats (midden tussen 3 liften). Kom iets voor of na lunchtijd want anders kan het wel eens druk zijn. Soms houden ze ook een eetfestival (ofzoiets) en staat het hele terras vol barbeque's enzo.",
                "images": [],
                "category": "overig",
                "placeName": "Badia - Abtei"
            }
        },
        {
            "type": "Feature",
            "geometry": {
                "type": "Point",
                "coordinates": [
                    13.724008000000026,
                    45.59686
                ]
            },
            "properties": {
                "id": 79,
                "name": "Campeggio San Bartolomeo Srl",
                "description": "Camping met alleen maar vaste plaatsen en grind op de grond. Niet cool. Ligt wel erg dicht bij de Sloveense grens. Aan dat laatste heb je alleen niet zoveel. Even doorrijden en iets anders zoeken aldu...",
                "fullDescription": "Camping met alleen maar vaste plaatsen en grind op de grond. Niet cool. Ligt wel erg dicht bij de Sloveense grens. Aan dat laatste heb je alleen niet zoveel. Even doorrijden en iets anders zoeken aldus Geensnor.",
                "images": [],
                "category": "overig",
                "placeName": "Muggia"
            }
        },
        {
            "type": "Feature",
            "geometry": {
                "type": "Point",
                "coordinates": [
                    10.566650900000013,
                    47.03853340000001
                ]
            },
            "properties": {
                "id": 80,
                "name": "Sportalm",
                "description": "Prima tent om 's middags wat te eten. Neem de Almtoast. Dat is geroosterd stokbrood met biefstuk, varkenshaas, gebakken ei, afgetopt met gebakken spek. Dat klinkt vet en machtig en dat is het ook. Maa...",
                "fullDescription": "Prima tent om 's middags wat te eten. Neem de Almtoast. Dat is geroosterd stokbrood met biefstuk, varkenshaas, gebakken ei, afgetopt met gebakken spek. Dat klinkt vet en machtig en dat is het ook. Maar wel erg lekker. Niet de goedkoopste plek om wat te eten, maar je bent (hoogstwaarschijnlijk) toch op vakantie.",
                "images": [],
                "category": "overig",
                "placeName": "Serfaus"
            }
        },
        {
            "type": "Feature",
            "geometry": {
                "type": "Point",
                "coordinates": [
                    4.944826199999966,
                    52.31238750000001
                ]
            },
            "properties": {
                "id": 81,
                "name": "Grolsch Cine Café",
                "description": "Hier nooit naar toe gaan. Je gaat dood. De burger is niet te vreten.",
                "fullDescription": "Hier nooit naar toe gaan. Je gaat dood. De burger is niet te vreten.",
                "images": [
                    "https:\/\/lh5.googleusercontent.com\/proxy\/mp0Uyp0Pb-3I6Wcg2bxDuodRNI911cbQLlh9AAyRTku6aZhvPjMudaMHV-jEmqFTOYvwv2G7PdQXI-Tr-zhzLP3JOEWmRJsMKJKvaOb2iOroGqVIroIB5JosFlDgLVuBwKnc"
                ],
                "category": "overig",
                "placeName": "Amsterdam"
            }
        },
        {
            "type": "Feature",
            "geometry": {
                "type": "Point",
                "coordinates": [
                    4.905785899999955,
                    52.3841113
                ]
            },
            "properties": {
                "id": 82,
                "name": "Pussy Galore",
                "description": "Leuke (hippe) plek voor een biertje en\/of een simpele (vega) hap. Denk hipsters, tijdelijk, amsterdam, moeilijk",
                "fullDescription": "Leuke (hippe) plek voor een biertje en\/of een simpele (vega) hap. Denk hipsters, tijdelijk, amsterdam, moeilijk",
                "images": [],
                "category": "overig",
                "placeName": "Amsterdam"
            }
        },
        {
            "type": "Feature",
            "geometry": {
                "type": "Point",
                "coordinates": [
                    4.90502,
                    52.398087
                ]
            },
            "properties": {
                "id": 83,
                "name": "Neef louis",
                "description": "Beste tosties in de wereld. In een kringloop achtige bedoeling serveren ze heerlijke koffie en fantastische tosti's. De bietensap is ook een aanrader.",
                "fullDescription": "Beste tosties in de wereld. In een kringloop achtige bedoeling serveren ze heerlijke koffie en fantastische tosti's. De bietensap is ook een aanrader.",
                "images": [],
                "category": "overig",
                "placeName": "Amsterdam"
            }
        },
        {
            "type": "Feature",
            "geometry": {
                "type": "Point",
                "coordinates": [
                    5.728519000000006,
                    51.810834
                ]
            },
            "properties": {
                "id": 84,
                "name": "Rob's Place Culitaria",
                "description": "Beste snackbar van het land. punt",
                "fullDescription": "Beste snackbar van het land. punt",
                "images": [],
                "category": "overig",
                "placeName": "Wijchen"
            }
        },
        {
            "type": "Feature",
            "geometry": {
                "type": "Point",
                "coordinates": [
                    9.917561999999975,
                    47.080897
                ]
            },
            "properties": {
                "id": 85,
                "name": "Pizzeria al fiume",
                "description": "Nou, dat beviel niet zo goed. Bediening loopt niet. Eten wordt niet gelijk geserveerd. Kwaliteit van het eten is op z'n best een krappe voldoende. Probeer de pizzeria aan de overkant van het water. Di...",
                "fullDescription": "Nou, dat beviel niet zo goed. Bediening loopt niet. Eten wordt niet gelijk geserveerd. Kwaliteit van het eten is op z'n best een krappe voldoende. Probeer de pizzeria aan de overkant van het water. Die is wellicht beter.",
                "images": [],
                "category": "overig",
                "placeName": "Schruns"
            }
        },
        {
            "type": "Feature",
            "geometry": {
                "type": "Point",
                "coordinates": [
                    9.96405900000002,
                    46.98703499999999
                ]
            },
            "properties": {
                "id": 86,
                "name": "Bella Nova",
                "description": "De keuze is niet reuze. Verder dan friet met worst komen ze niet. Als je dan vervolgens aan het einde van de dag aan het bier wilt, krijg je het verkeerde bier en duurt het bestellen kei lang. Volgens...",
                "fullDescription": "De keuze is niet reuze. Verder dan friet met worst komen ze niet. Als je dan vervolgens aan het einde van de dag aan het bier wilt, krijg je het verkeerde bier en duurt het bestellen kei lang. Volgens een vriendelijke tipgever kun je beter bij het restaurant aan de overkant gaan zitten.",
                "images": [],
                "category": "overig",
                "placeName": "St. Gallenkirch"
            }
        },
        {
            "type": "Feature",
            "geometry": {
                "type": "Point",
                "coordinates": [
                    9.91906019999999,
                    47.080697
                ]
            },
            "properties": {
                "id": 87,
                "name": "Gasthaus Kreuz",
                "description": "",
                "fullDescription": "",
                "images": [],
                "category": "overig",
                "placeName": "Schruns"
            }
        },
        {
            "type": "Feature",
            "geometry": {
                "type": "Point",
                "coordinates": [
                    5.138373999999999,
                    52.095976
                ]
            },
            "properties": {
                "id": 88,
                "name": "Restaurant de Kust",
                "description": "Vis, prima vis!",
                "fullDescription": "Vis, prima vis!",
                "images": [],
                "category": "overig",
                "placeName": "Utrecht"
            }
        },
        {
            "type": "Feature",
            "geometry": {
                "type": "Point",
                "coordinates": [
                    4.889634000000001,
                    52.372062
                ]
            },
            "properties": {
                "id": 89,
                "name": "Schuim B.V.",
                "description": "Als je in Amsterdam bent (centrum) en eigenlijk geen poeha wilt. Prima burgers, niet te duur. Wel drukkig vaak",
                "fullDescription": "Als je in Amsterdam bent (centrum) en eigenlijk geen poeha wilt. Prima burgers, niet te duur. Wel drukkig vaak",
                "images": [],
                "category": "overig",
                "placeName": "Amsterdam"
            }
        },
        {
            "type": "Feature",
            "geometry": {
                "type": "Point",
                "coordinates": [
                    5.215153999999984,
                    52.09904
                ]
            },
            "properties": {
                "id": 90,
                "name": "Indonesisch restaurant Mooi Zeist",
                "description": "Erg lekker, wel sfeerloos",
                "fullDescription": "Erg lekker, wel sfeerloos",
                "images": [],
                "category": "overig",
                "placeName": "Zeist"
            }
        },
        {
            "type": "Feature",
            "geometry": {
                "type": "Point",
                "coordinates": [
                    4.912860000000024,
                    52.381145
                ]
            },
            "properties": {
                "id": 91,
                "name": "WILHELMINA-DOK RESTAURANT",
                "description": "Uit de drukte van de stad, prima lunch. Heel leuke plek vooral. Geschikt voor date of ouders\/familie. Mooi terras. Neem de pont!",
                "fullDescription": "Uit de drukte van de stad, prima lunch. Heel leuke plek vooral. Geschikt voor date of ouders\/familie. Mooi terras. Neem de pont!",
                "images": [],
                "category": "overig",
                "placeName": "Amsterdam"
            }
        },
        {
            "type": "Feature",
            "geometry": {
                "type": "Point",
                "coordinates": [
                    5.096979000000033,
                    52.093238
                ]
            },
            "properties": {
                "id": 92,
                "name": "Cafe Lombok Eten & Drinken",
                "description": "De Keftaburger is prima te nassen. Slechts enkelen gaan in de uren erna over hun nek.",
                "fullDescription": "De Keftaburger is prima te nassen. Slechts enkelen gaan in de uren erna over hun nek.",
                "images": [],
                "category": "overig",
                "placeName": "Utrecht"
            }
        },
        {
            "type": "Feature",
            "geometry": {
                "type": "Point",
                "coordinates": [
                    4.895393000000013,
                    52.355872
                ]
            },
            "properties": {
                "id": 93,
                "name": "Bazar Amsterdam",
                "description": "Zoals alle bazars in Nederland. Goed eten (couscous ole ole) voor niet veel geld",
                "fullDescription": "Zoals alle bazars in Nederland. Goed eten (couscous ole ole) voor niet veel geld",
                "images": [],
                "category": "overig",
                "placeName": "Amsterdam"
            }
        },
        {
            "type": "Feature",
            "geometry": {
                "type": "Point",
                "coordinates": [
                    5.120040000000017,
                    52.09401
                ]
            },
            "properties": {
                "id": 94,
                "name": "Theatercafé De Bastaard",
                "description": "Gezellig cafe met hipsters. Probeer de Omer!",
                "fullDescription": "Gezellig cafe met hipsters. Probeer de Omer!",
                "images": [],
                "category": "overig",
                "placeName": "Utrecht"
            }
        },
        {
            "type": "Feature",
            "geometry": {
                "type": "Point",
                "coordinates": [
                    5.120534000000021,
                    52.08598
                ]
            },
            "properties": {
                "id": 95,
                "name": "Café Derat",
                "description": "Cafe derat is bruin, gezellig en heeft vooral heel veel lekkere biertjes. Vraag vooral barman Erik (eigenaar) om advies. Dat vind hij leuk (en kan hij ook goed)",
                "fullDescription": "Cafe derat is bruin, gezellig en heeft vooral heel veel lekkere biertjes. Vraag vooral barman Erik (eigenaar) om advies. Dat vind hij leuk (en kan hij ook goed)",
                "images": [],
                "category": "overig",
                "placeName": "Utrecht"
            }
        },
        {
            "type": "Feature",
            "geometry": {
                "type": "Point",
                "coordinates": [
                    5.1292909999999665,
                    52.099669
                ]
            },
            "properties": {
                "id": 96,
                "name": "Oost B.V.",
                "description": "Misschien was het pech maar het was niet goed. Niet smakelijk eten, dramatische bediening. Gewoon heel erg nee",
                "fullDescription": "Misschien was het pech maar het was niet goed. Niet smakelijk eten, dramatische bediening. Gewoon heel erg nee",
                "images": [],
                "category": "overig",
                "placeName": "Utrecht"
            }
        },
        {
            "type": "Feature",
            "geometry": {
                "type": "Point",
                "coordinates": [
                    4.92294000000004,
                    52.355239
                ]
            },
            "properties": {
                "id": 97,
                "name": "Michel-Inn",
                "description": "Tip voor erg goed eten! Goede (goede!) pizza's. Houtoven en al. Wel reserveren want het heeft volgens mij in de viva gestaan.",
                "fullDescription": "Tip voor erg goed eten! Goede (goede!) pizza's. Houtoven en al. Wel reserveren want het heeft volgens mij in de viva gestaan.",
                "images": [],
                "category": "overig",
                "placeName": "Amsterdam"
            }
        },
        {
            "type": "Feature",
            "geometry": {
                "type": "Point",
                "coordinates": [
                    5.723834000000011,
                    51.807334000000004
                ]
            },
            "properties": {
                "id": 98,
                "name": "Restaurant Asia Wijchen BV",
                "description": "Beste chinees in de wijde omtrek. Je neemt de 150 met mihoen.",
                "fullDescription": "Beste chinees in de wijde omtrek. Je neemt de 150 met mihoen.",
                "images": [],
                "category": "overig",
                "placeName": "Wijchen"
            }
        },
        {
            "type": "Feature",
            "geometry": {
                "type": "Point",
                "coordinates": [
                    5.864321000000018,
                    51.848794
                ]
            },
            "properties": {
                "id": 99,
                "name": "De Hemel Restaurant & Brouwerscafe",
                "description": "Stadsbrouwerij van Nijmegen. Geensnor adviseert de Helse Engel of Serafijn. Je kan er ook eten maar dat hebben we nog nooit gedaan",
                "fullDescription": "Stadsbrouwerij van Nijmegen. Geensnor adviseert de Helse Engel of Serafijn. Je kan er ook eten maar dat hebben we nog nooit gedaan",
                "images": [],
                "category": "overig",
                "placeName": "Nijmegen"
            }
        },
        {
            "type": "Feature",
            "geometry": {
                "type": "Point",
                "coordinates": [
                    4.897123575210571,
                    52.40235341603906
                ]
            },
            "properties": {
                "id": 100,
                "name": "Trailerhelling Amsterdam Noord",
                "description": "Prima trailerhelling in Amsterdam Noord. Gratis, dichtbij de openbare weg, gratis parkeren in de buurt en niet te steil.",
                "fullDescription": "Prima trailerhelling in Amsterdam Noord. Gratis, dichtbij de openbare weg, gratis parkeren in de buurt en niet te steil.",
                "images": [],
                "category": "overig",
                "placeName": "Amsterdam"
            }
        },
        {
            "type": "Feature",
            "geometry": {
                "type": "Point",
                "coordinates": [
                    4.92637400000001,
                    52.37201
                ]
            },
            "properties": {
                "id": 101,
                "name": "Amsterdam Roest B.V.",
                "description": "Stadstrand, hipsters, vuurkorf, berlijns (wat dat ook is), krakerig, feestjes, beats, muziek, biertjes",
                "fullDescription": "Stadstrand, hipsters, vuurkorf, berlijns (wat dat ook is), krakerig, feestjes, beats, muziek, biertjes",
                "images": [],
                "category": "overig",
                "placeName": "Amsterdam"
            }
        },
        {
            "type": "Feature",
            "geometry": {
                "type": "Point",
                "coordinates": [
                    4.478960000000029,
                    51.915977
                ]
            },
            "properties": {
                "id": 102,
                "name": "Restaurant Bazar",
                "description": "Zoals alle bazars in Nederland. Goed eten (couscous ole ole) voor niet veel geld",
                "fullDescription": "Zoals alle bazars in Nederland. Goed eten (couscous ole ole) voor niet veel geld",
                "images": [],
                "category": "overig",
                "placeName": "Rotterdam"
            }
        },
        {
            "type": "Feature",
            "geometry": {
                "type": "Point",
                "coordinates": [
                    5.878261000000067,
                    51.836105
                ]
            },
            "properties": {
                "id": 103,
                "name": "Cafe Jos Meesterschenkerij",
                "description": "Meesterschenkerij die meerdere malen is uitgeroepen tot beste cafe van Nederland. 964 bieren op de tap, 278193 op de fles.",
                "fullDescription": "Meesterschenkerij die meerdere malen is uitgeroepen tot beste cafe van Nederland. 964 bieren op de tap, 278193 op de fles.",
                "images": [],
                "category": "overig",
                "placeName": "Nijmegen"
            }
        },
        {
            "type": "Feature",
            "geometry": {
                "type": "Point",
                "coordinates": [
                    6.146639999999934,
                    51.796774
                ]
            },
            "properties": {
                "id": 104,
                "name": "trinkgut Boland KG",
                "description": "Giganische dranksupermarkt met duitse prijzen voor drank!",
                "fullDescription": "Giganische dranksupermarkt met duitse prijzen voor drank!",
                "images": [],
                "category": "overig",
                "placeName": "Kleef"
            }
        },
        {
            "type": "Feature",
            "geometry": {
                "type": "Point",
                "coordinates": [
                    5.862552999999934,
                    51.842907000000004
                ]
            },
            "properties": {
                "id": 105,
                "name": "Pasta E Fagioli",
                "description": "Beste italiaan van Nijmegen. Niet goedkoop",
                "fullDescription": "Beste italiaan van Nijmegen. Niet goedkoop",
                "images": [],
                "category": "overig",
                "placeName": "Nijmegen"
            }
        },
        {
            "type": "Feature",
            "geometry": {
                "type": "Point",
                "coordinates": [
                    5.860245999999961,
                    51.847826
                ]
            },
            "properties": {
                "id": 106,
                "name": "Pastarestaurant Merano",
                "description": "Prima italiaan. Neem de grote pasta arabiata en eet net iets teveel",
                "fullDescription": "Prima italiaan. Neem de grote pasta arabiata en eet net iets teveel",
                "images": [],
                "category": "overig",
                "placeName": "Nijmegen"
            }
        },
        {
            "type": "Feature",
            "geometry": {
                "type": "Point",
                "coordinates": [
                    5.914336999999933,
                    51.985459
                ]
            },
            "properties": {
                "id": 107,
                "name": "TAPE bar",
                "description": "Lachen om arnhemse hipsters met hun moeilijke bier, haardracht en attitude. U drinkt Russisch bier met enorm handige dopjes.",
                "fullDescription": "Lachen om arnhemse hipsters met hun moeilijke bier, haardracht en attitude. U drinkt Russisch bier met enorm handige dopjes.",
                "images": [],
                "category": "overig",
                "placeName": "Arnhem"
            }
        },
        {
            "type": "Feature",
            "geometry": {
                "type": "Point",
                "coordinates": [
                    5.863679999999931,
                    51.848167
                ]
            },
            "properties": {
                "id": 108,
                "name": "In de blauwe hand",
                "description": "Prima kroeg met veel lekker bier. Niet overdreven groot en terras heeft nooit zon. Je kan er ook best lekker eten. Eten stijgt zeker boven de kroeghap uit.",
                "fullDescription": "Prima kroeg met veel lekker bier. Niet overdreven groot en terras heeft nooit zon. Je kan er ook best lekker eten. Eten stijgt zeker boven de kroeghap uit.",
                "images": [],
                "category": "overig",
                "placeName": "Nijmegen"
            }
        },
        {
            "type": "Feature",
            "geometry": {
                "type": "Point",
                "coordinates": [
                    5.837680999999975,
                    51.837522
                ]
            },
            "properties": {
                "id": 109,
                "name": "Pizzeria Cafetaria La Bella",
                "description": "Prima afhaalpizza's (bezorgen kan ook). Geensnor adviseert de Diavola.",
                "fullDescription": "Prima afhaalpizza's (bezorgen kan ook). Geensnor adviseert de Diavola.",
                "images": [],
                "category": "overig",
                "placeName": "Nijmegen"
            }
        },
        {
            "type": "Feature",
            "geometry": {
                "type": "Point",
                "coordinates": [
                    24.124806000000035,
                    56.954257
                ]
            },
            "properties": {
                "id": 110,
                "name": "Teātra bārs",
                "description": "Prima pasta voor weinig. De serveerster mag er ook zijn.",
                "fullDescription": "Prima pasta voor weinig. De serveerster mag er ook zijn.",
                "images": [],
                "category": "overig",
                "placeName": "Riga"
            }
        },
        {
            "type": "Feature",
            "geometry": {
                "type": "Point",
                "coordinates": [
                    4.6994620000000396,
                    50.878424
                ]
            },
            "properties": {
                "id": 111,
                "name": "Metropole",
                "description": "Niet heengaan! Slechtste bediening van heel Belgie en ranzige zooi",
                "fullDescription": "Niet heengaan! Slechtste bediening van heel Belgie en ranzige zooi",
                "images": [],
                "category": "overig",
                "placeName": "Leuven"
            }
        },
        {
            "type": "Feature",
            "geometry": {
                "type": "Point",
                "coordinates": [
                    4.896293000000014,
                    44.932485
                ]
            },
            "properties": {
                "id": 112,
                "name": "Hotel Saint-Jacques",
                "description": "Niet doen. Kutbedden, geen internet en kapot sanitair. Ook niet voor 1 nacht.",
                "fullDescription": "Niet doen. Kutbedden, geen internet en kapot sanitair. Ook niet voor 1 nacht.",
                "images": [],
                "category": "overig",
                "placeName": "Valence"
            }
        },
        {
            "type": "Feature",
            "geometry": {
                "type": "Point",
                "coordinates": [
                    5.716120000000046,
                    51.74517
                ]
            },
            "properties": {
                "id": 113,
                "name": "Pannekoeken Restaurant Den Tol",
                "description": "Pannenkoeken 2.0. Erg lekker. Je moet niet bang zijn voor gezinnen met kinderen.",
                "fullDescription": "Pannenkoeken 2.0. Erg lekker. Je moet niet bang zijn voor gezinnen met kinderen.",
                "images": [],
                "category": "overig",
                "placeName": "Velp"
            }
        },
        {
            "type": "Feature",
            "geometry": {
                "type": "Point",
                "coordinates": [
                    13.444031999999993,
                    52.49986
                ]
            },
            "properties": {
                "id": 114,
                "name": "Amar",
                "description": "Eten uit India. Eigenlijk vaste prik als we in Berlijn zijn. Goed eten voor een nette prijs. Absoluut niks mis mee. Wel gebrek aan hipheid",
                "fullDescription": "Eten uit India. Eigenlijk vaste prik als we in Berlijn zijn. Goed eten voor een nette prijs. Absoluut niks mis mee. Wel gebrek aan hipheid",
                "images": [],
                "category": "overig",
                "placeName": "Berlijn"
            }
        },
        {
            "type": "Feature",
            "geometry": {
                "type": "Point",
                "coordinates": [
                    13.443443000000004,
                    52.500555
                ]
            },
            "properties": {
                "id": 115,
                "name": "Wendel",
                "description": "Leuke kroeg in Berlijn. Snel internet (100mbit) en lekkere biertjes. Vol hipsters en kringloop meubilair. Neem niet de radler, wel de koffie. Goed ontbijt ook. Werp een blik op de kraan aan het plafon...",
                "fullDescription": "Leuke kroeg in Berlijn. Snel internet (100mbit) en lekkere biertjes. Vol hipsters en kringloop meubilair. Neem niet de radler, wel de koffie. Goed ontbijt ook. Werp een blik op de kraan aan het plafond..die wil ik ook.",
                "images": [],
                "category": "overig",
                "placeName": "Berlijn"
            }
        },
        {
            "type": "Feature",
            "geometry": {
                "type": "Point",
                "coordinates": [
                    18.056324000000018,
                    59.337666000000006
                ]
            },
            "properties": {
                "id": 116,
                "name": "Interhostel AB",
                "description": "Kamer zonder raam...ik herhaal...kamer zonder raam. Niet doen dus want dat suckt volkomen",
                "fullDescription": "Kamer zonder raam...ik herhaal...kamer zonder raam. Niet doen dus want dat suckt volkomen",
                "images": [],
                "category": "overig",
                "placeName": "Stockholm"
            }
        },
        {
            "type": "Feature",
            "geometry": {
                "type": "Point",
                "coordinates": [
                    18.078153133392334,
                    59.30493573171342
                ]
            },
            "properties": {
                "id": 117,
                "name": "Trädgården",
                "description": "Moeilijk te vinden maar toch leuk. Club onder snelweg. Hipsters, eten, dj's en kunst. Doe maar ja",
                "fullDescription": "Moeilijk te vinden maar toch leuk. Club onder snelweg. Hipsters, eten, dj's en kunst. Doe maar ja",
                "images": [],
                "category": "overig",
                "placeName": "Stockholm"
            }
        },
        {
            "type": "Feature",
            "geometry": {
                "type": "Point",
                "coordinates": [
                    5.1219639999999345,
                    52.092368
                ]
            },
            "properties": {
                "id": 118,
                "name": "Polleke",
                "description": "Beste friet en gehakstaven van 030",
                "fullDescription": "Beste friet en gehakstaven van 030",
                "images": [],
                "category": "overig",
                "placeName": "Utrecht"
            }
        },
        {
            "type": "Feature",
            "geometry": {
                "type": "Point",
                "coordinates": [
                    9.96968000000004,
                    53.55655
                ]
            },
            "properties": {
                "id": 119,
                "name": "Uebel & Gefährlich",
                "description": "Club. Om te dansen. In een grote oude ww2 bunker (bovengronds). Industrieel. Ook mooi uitzicht!",
                "fullDescription": "Club. Om te dansen. In een grote oude ww2 bunker (bovengronds). Industrieel. Ook mooi uitzicht!",
                "images": [],
                "category": "overig",
                "placeName": "Hamburg"
            }
        },
        {
            "type": "Feature",
            "geometry": {
                "type": "Point",
                "coordinates": [
                    13.366980000000012,
                    52.496564
                ]
            },
            "properties": {
                "id": 120,
                "name": "Munch's Hus",
                "description": "Noors eten. Dat betekent natuurlijk biefstuk van de eland. Wel op chique!",
                "fullDescription": "Noors eten. Dat betekent natuurlijk biefstuk van de eland. Wel op chique!",
                "images": [],
                "category": "overig",
                "placeName": "Berlijn"
            }
        },
        {
            "type": "Feature",
            "geometry": {
                "type": "Point",
                "coordinates": [
                    13.405769999999961,
                    52.546581
                ]
            },
            "properties": {
                "id": 121,
                "name": "The Bird Restaurant",
                "description": "Zonder meer de beste burgers van de stad. Wel groot en druk, maar dat is niet gek met zulke burgers :)",
                "fullDescription": "Zonder meer de beste burgers van de stad. Wel groot en druk, maar dat is niet gek met zulke burgers :)",
                "images": [],
                "category": "overig",
                "placeName": "Berlijn"
            }
        },
        {
            "type": "Feature",
            "geometry": {
                "type": "Point",
                "coordinates": [
                    13.39811199999997,
                    52.527408
                ]
            },
            "properties": {
                "id": 122,
                "name": "The Barn",
                "description": "Koffie. Koffie. Koffie. De beste wetenschappelijk gezette koffie van Berlijn. Geen toegang voor kinderwagens en laptops\/tablet zijn verboten!",
                "fullDescription": "Koffie. Koffie. Koffie. De beste wetenschappelijk gezette koffie van Berlijn. Geen toegang voor kinderwagens en laptops\/tablet zijn verboten!",
                "images": [],
                "category": "overig",
                "placeName": "Berlijn"
            }
        },
        {
            "type": "Feature",
            "geometry": {
                "type": "Point",
                "coordinates": [
                    5.121390000000019,
                    52.075174
                ]
            },
            "properties": {
                "id": 123,
                "name": "LE:EN",
                "description": "Pretentieus. Eten (o.a. sprinkhanen) is opzich lekker maar bediening is ondermaats. Niet goedkoop.",
                "fullDescription": "Pretentieus. Eten (o.a. sprinkhanen) is opzich lekker maar bediening is ondermaats. Niet goedkoop.",
                "images": [],
                "category": "overig",
                "placeName": "Utrecht"
            }
        },
        {
            "type": "Feature",
            "geometry": {
                "type": "Point",
                "coordinates": [
                    -17.216033599999946,
                    28.1381048
                ]
            },
            "properties": {
                "id": 124,
                "name": "El Cedro",
                "description": "Goed, het kost waarschijnlijk veel te veel moeite, want de weg hier naar toe is moeilijk en slecht te vinden. Smalle bospaadjes, vage bordjes maar uiteindelijk bovenop de berg een meer dan prima resta...",
                "fullDescription": "Goed, het kost waarschijnlijk veel te veel moeite, want de weg hier naar toe is moeilijk en slecht te vinden. Smalle bospaadjes, vage bordjes maar uiteindelijk bovenop de berg een meer dan prima restaurant. Probeer de tuinkerssoep! De tunnel alleen gebruiken bij weinig regen! En check vooral de rest van El Cedro (natuurgebied). Geensnor tipt: De helling is te stijl om omhoog te klimmen. http:\/\/camping-lavista.jimdo.com\/",
                "images": [],
                "category": "overig",
                "placeName": "Hermigua"
            }
        },
        {
            "type": "Feature",
            "geometry": {
                "type": "Point",
                "coordinates": [
                    -6.231103999999959,
                    53.340803
                ]
            },
            "properties": {
                "id": 125,
                "name": "Shelbourne Park Greyhound Stadium",
                "description": "Hondenrennen is best tof. Check even de prestaties van de hond (in het boekje) voordat je je hele pensioen inzet.",
                "fullDescription": "Hondenrennen is best tof. Check even de prestaties van de hond (in het boekje) voordat je je hele pensioen inzet.",
                "images": [],
                "category": "overig",
                "placeName": "Dublin"
            }
        },
        {
            "type": "Feature",
            "geometry": {
                "type": "Point",
                "coordinates": [
                    11.856700000000046,
                    46.5544
                ]
            },
            "properties": {
                "id": 126,
                "name": "Residence Piz da Cir",
                "description": "Prima appartement in een heel mooi skigebied. 5 minuten lopen van piste aan de Sella Ronda. Niet schreeuwend duur.",
                "fullDescription": "Prima appartement in een heel mooi skigebied. 5 minuten lopen van piste aan de Sella Ronda. Niet schreeuwend duur.",
                "images": [],
                "category": "overig",
                "placeName": "Corvara in Badia - Corvara"
            }
        },
        {
            "type": "Feature",
            "geometry": {
                "type": "Point",
                "coordinates": [
                    -122.405619,
                    37.790029
                ]
            },
            "properties": {
                "id": 127,
                "name": "Baldwin Hotel",
                "description": "Geinig budget hotel. Schoon, niet te duur. Fijne locatie tegen chinatown aan. Ik denk een 1 of 2 sterhotel",
                "fullDescription": "Geinig budget hotel. Schoon, niet te duur. Fijne locatie tegen chinatown aan. Ik denk een 1 of 2 sterhotel",
                "images": [],
                "category": "overig",
                "placeName": "San Francisco"
            }
        },
        {
            "type": "Feature",
            "geometry": {
                "type": "Point",
                "coordinates": [
                    -122.406275,
                    37.792524
                ]
            },
            "properties": {
                "id": 128,
                "name": "Cathay House",
                "description": "Prima chinees. Midden in chinatown, dus dat treft.",
                "fullDescription": "Prima chinees. Midden in chinatown, dus dat treft.",
                "images": [],
                "category": "cafe-bar",
                "placeName": "San Francisco",
                "date": "04-10-2026 22:10:11"
            }
        },
        {
            "type": "Feature",
            "geometry": {
                "type": "Point",
                "coordinates": [
                    -115.17582099999997,
                    36.09548
                ]
            },
            "properties": {
                "id": 129,
                "name": "Luxor",
                "description": "Thema egypte hotel. Prima hotel, wel erg erg erg erg groot. 3 starbucksen in het hotel zelf. Toptip (sowieso in Vegas). Check coupon sites. Dat scheelt minimaal 40%. Mooi zwembad ook.",
                "fullDescription": "Thema egypte hotel. Prima hotel, wel erg erg erg erg groot. 3 starbucksen in het hotel zelf. Toptip (sowieso in Vegas). Check coupon sites. Dat scheelt minimaal 40%. Mooi zwembad ook.",
                "images": [],
                "category": "overig",
                "placeName": "Clark County"
            }
        },
        {
            "type": "Feature",
            "geometry": {
                "type": "Point",
                "coordinates": [
                    -115.15521,
                    36.147408000000006
                ]
            },
            "properties": {
                "id": 130,
                "name": "Stratosphere Casino, Hotel & Tower",
                "description": "Het uitzicht is prima, maar qua hotel is het wel een beetje karig vergeleken met de rest op de strip. Ook wel een roteind weg van alles eigenlijk. Bedden waren wel heel goed.",
                "fullDescription": "Het uitzicht is prima, maar qua hotel is het wel een beetje karig vergeleken met de rest op de strip. Ook wel een roteind weg van alles eigenlijk. Bedden waren wel heel goed.",
                "images": [],
                "category": "overig",
                "placeName": "Las Vegas"
            }
        },
        {
            "type": "Feature",
            "geometry": {
                "type": "Point",
                "coordinates": [
                    5.08910400000002,
                    52.109168
                ]
            },
            "properties": {
                "id": 131,
                "name": "deKleineBaron Eten & Drinken",
                "description": "Ze hebben mijn eten volkomen verkloot door een of andere rare kaastopping op de schnitzel",
                "fullDescription": "Ze hebben mijn eten volkomen verkloot door een of andere rare kaastopping op de schnitzel",
                "images": [],
                "category": "overig",
                "placeName": "Utrecht"
            }
        },
        {
            "type": "Feature",
            "geometry": {
                "type": "Point",
                "coordinates": [
                    5.116437000000019,
                    52.093458
                ]
            },
            "properties": {
                "id": 132,
                "name": "Pizzeria La Fontana B.V.",
                "description": "Altijd precies hetzelfde. De bediening wordt 100% uitgekozen vanwege het uiterlijk en de pizza scarpara blijft de beste pizza op de kaart.",
                "fullDescription": "Altijd precies hetzelfde. De bediening wordt 100% uitgekozen vanwege het uiterlijk en de pizza scarpara blijft de beste pizza op de kaart.",
                "images": [],
                "category": "overig",
                "placeName": "Utrecht"
            }
        },
        {
            "type": "Feature",
            "geometry": {
                "type": "Point",
                "coordinates": [
                    5.11569899999995,
                    52.093167
                ]
            },
            "properties": {
                "id": 133,
                "name": "Toko Mitra",
                "description": "Tegenwoordig in de blauwe planeet (roltrap omlaag bij de kijkshop). Het ziet er allemaal niet uit maar is meer dan prima. Indonesisch zoals dat bedoeld is. Er zijn wat tafeltjes maar beter is om een m...",
                "fullDescription": "Tegenwoordig in de blauwe planeet (roltrap omlaag bij de kijkshop). Het ziet er allemaal niet uit maar is meer dan prima. Indonesisch zoals dat bedoeld is. Er zijn wat tafeltjes maar beter is om een maaltijd mee te nemen en thuis ff op te piepen in de magnetron.",
                "images": [],
                "category": "overig",
                "placeName": "Utrecht"
            }
        },
        {
            "type": "Feature",
            "geometry": {
                "type": "Point",
                "coordinates": [
                    5.121176999999989,
                    52.095023
                ]
            },
            "properties": {
                "id": 134,
                "name": "Grieks-Italiaans Restaurant \"Mr. Jack's\"",
                "description": "Hier nooit gaan eten.",
                "fullDescription": "Hier nooit gaan eten.",
                "images": [],
                "category": "overig",
                "placeName": "Utrecht"
            }
        },
        {
            "type": "Feature",
            "geometry": {
                "type": "Point",
                "coordinates": [
                    5.915204000000017,
                    51.982262
                ]
            },
            "properties": {
                "id": 135,
                "name": "Cosi",
                "description": "Absoluut goed eten. Reserveren waarschijnlijk handig maar u kunt het altijd proberen. Vermijd een bezoek bij de buren om de hoek (arnhems proeflokaal). Dat is niet wat je zoek.",
                "fullDescription": "Absoluut goed eten. Reserveren waarschijnlijk handig maar u kunt het altijd proberen. Vermijd een bezoek bij de buren om de hoek (arnhems proeflokaal). Dat is niet wat je zoek.",
                "images": [],
                "category": "overig",
                "placeName": "Arnhem"
            }
        },
        {
            "type": "Feature",
            "geometry": {
                "type": "Point",
                "coordinates": [
                    5.113281458616257,
                    52.094630791201986
                ]
            },
            "properties": {
                "id": 136,
                "name": "Broodnodig in wijk C",
                "description": "Om te lunchen. Lekkere koffie. Broodjes vanaf 11:00 ofzoiets. Notenbrood met geitenkaas is het beste.",
                "fullDescription": "Om te lunchen. Lekkere koffie. Broodjes vanaf 11:00 ofzoiets. Notenbrood met geitenkaas is het beste.",
                "images": [],
                "category": "overig",
                "placeName": "Utrecht"
            }
        },
        {
            "type": "Feature",
            "geometry": {
                "type": "Point",
                "coordinates": [
                    5.12852220000002,
                    52.09525439999999
                ]
            },
            "properties": {
                "id": 137,
                "name": "Eetcafe Bram",
                "description": "Voorheen het licht. Tegenwoordig Bram. Whatever. Burgers zijn goed, alhoewel Licht beter was. Beetje rare broodjes. Bijbetalen voor friet is ook wel beetje jammer.",
                "fullDescription": "Voorheen het licht. Tegenwoordig Bram. Whatever. Burgers zijn goed, alhoewel Licht beter was. Beetje rare broodjes. Bijbetalen voor friet is ook wel beetje jammer.",
                "images": [],
                "category": "overig",
                "placeName": "Utrecht"
            }
        },
        {
            "type": "Feature",
            "geometry": {
                "type": "Point",
                "coordinates": [
                    5.092082000000005,
                    52.109568
                ]
            },
            "properties": {
                "id": 138,
                "name": "Gouden Pot",
                "description": "Afhaalchinees. Er is werkelijk helemaal niks mis met deze afhaalchinees.",
                "fullDescription": "Afhaalchinees. Er is werkelijk helemaal niks mis met deze afhaalchinees.",
                "images": [],
                "category": "overig",
                "placeName": "Utrecht"
            }
        },
        {
            "type": "Feature",
            "geometry": {
                "type": "Point",
                "coordinates": [
                    5.12322800000004,
                    52.08337
                ]
            },
            "properties": {
                "id": 139,
                "name": "Sector 3",
                "description": "Ontbijt. Omdat ontbijt op zondag in Utrecht nogal iets lastigs is...komt deze toch op de lijst. Broodje oude kaas en koffie is wat je moet nemen",
                "fullDescription": "Ontbijt. Omdat ontbijt op zondag in Utrecht nogal iets lastigs is...komt deze toch op de lijst. Broodje oude kaas en koffie is wat je moet nemen",
                "images": [],
                "category": "overig",
                "placeName": "Utrecht"
            }
        },
        {
            "type": "Feature",
            "geometry": {
                "type": "Point",
                "coordinates": [
                    5.3842899999999645,
                    52.159983
                ]
            },
            "properties": {
                "id": 140,
                "name": "Dara",
                "description": "Oosters eten in Amersfoort. Lekker! Denk aan bijv. couscous zaken. Grote zaak trouwens.",
                "fullDescription": "Oosters eten in Amersfoort. Lekker! Denk aan bijv. couscous zaken. Grote zaak trouwens.",
                "images": [],
                "category": "overig",
                "placeName": "Amersfoort"
            }
        },
        {
            "type": "Feature",
            "geometry": {
                "type": "Point",
                "coordinates": [
                    4.4843949999999495,
                    51.903983
                ]
            },
            "properties": {
                "id": 141,
                "name": "Hotel New York",
                "description": "Ik weet alleen iets over de boterham met kroket. Die is lekker. Ook mooie locatie trouwens!",
                "fullDescription": "Ik weet alleen iets over de boterham met kroket. Die is lekker. Ook mooie locatie trouwens!",
                "images": [],
                "category": "overig",
                "placeName": "Rotterdam"
            }
        },
        {
            "type": "Feature",
            "geometry": {
                "type": "Point",
                "coordinates": [
                    6.682143999999994,
                    45.507284
                ]
            },
            "properties": {
                "id": 142,
                "name": "Lagrange Prestige Aspen",
                "description": "Prima appartementen dichtbij de piste. Niet te duur en met zwembad",
                "fullDescription": "Prima appartementen dichtbij de piste. Niet te duur en met zwembad",
                "images": [],
                "category": "overig",
                "placeName": "La Plagne-Tarentaise"
            }
        },
        {
            "type": "Feature",
            "geometry": {
                "type": "Point",
                "coordinates": [
                    6.900679999999966,
                    45.4535
                ]
            },
            "properties": {
                "id": 143,
                "name": "Le Hameau Du Borsat",
                "description": "Vijf persoons appartementen die voor vieren nog veel te klein zijn. Oud, kapot en niet super goedkoop. Wel goede ligging. Geensnor zegt: Tignes Ja, dit appartement Nee.",
                "fullDescription": "Vijf persoons appartementen die voor vieren nog veel te klein zijn. Oud, kapot en niet super goedkoop. Wel goede ligging. Geensnor zegt: Tignes Ja, dit appartement Nee.",
                "images": [],
                "category": "overig",
                "placeName": "Tignes"
            }
        },
        {
            "type": "Feature",
            "geometry": {
                "type": "Point",
                "coordinates": [
                    -6.2761560000000145,
                    53.34495
                ]
            },
            "properties": {
                "id": 144,
                "name": "The Brazen Head",
                "description": "Oudste kroeg in Dublin (zegt men). Erg Iers allemaal. Je kan er ook eten. Geensnor was tevreden over een of andere stew met guiness",
                "fullDescription": "Oudste kroeg in Dublin (zegt men). Erg Iers allemaal. Je kan er ook eten. Geensnor was tevreden over een of andere stew met guiness",
                "images": [],
                "category": "overig",
                "placeName": "Dublin"
            }
        },
        {
            "type": "Feature",
            "geometry": {
                "type": "Point",
                "coordinates": [
                    5.8618300000000545,
                    51.84961
                ]
            },
            "properties": {
                "id": 145,
                "name": "De Schat",
                "description": "Beste restaurant in Nijmegen waar ik heb gegeten. Goede bediening. Niet goedkoop.",
                "fullDescription": "Beste restaurant in Nijmegen waar ik heb gegeten. Goede bediening. Niet goedkoop.",
                "images": [],
                "category": "overig",
                "placeName": "Nijmegen"
            }
        },
        {
            "type": "Feature",
            "geometry": {
                "type": "Point",
                "coordinates": [
                    5.620490000000018,
                    53.4485
                ]
            },
            "properties": {
                "id": 146,
                "name": "The Sunset Restaurant & Bar",
                "description": "Duur maar lekker. Goede Tarbot! Onbetaalbaar uitzicht\/zonsondergang",
                "fullDescription": "Duur maar lekker. Goede Tarbot! Onbetaalbaar uitzicht\/zonsondergang",
                "images": [],
                "category": "overig",
                "placeName": "Hollum"
            }
        },
        {
            "type": "Feature",
            "geometry": {
                "type": "Point",
                "coordinates": [
                    13.436448000000041,
                    52.49816
                ]
            },
            "properties": {
                "id": 147,
                "name": "Bar Raval",
                "description": "Prima tapas gegeten. Tapas opzich moet je alleen wel liggen.",
                "fullDescription": "Prima tapas gegeten. Tapas opzich moet je alleen wel liggen.",
                "images": [],
                "category": "overig",
                "placeName": "Berlijn"
            }
        },
        {
            "type": "Feature",
            "geometry": {
                "type": "Point",
                "coordinates": [
                    24.113094000000046,
                    56.946749
                ]
            },
            "properties": {
                "id": 148,
                "name": "Leningrad",
                "description": "Koude-oorlog-heimwee-kroeg. Na 23:00 is iedereen dronken. Heel veel vies bier op de kaart dus bestel conservatief. Geensnor tip: laat die twee laatste whiskey om 3:30 staan en loop de volgende dag rel...",
                "fullDescription": "Koude-oorlog-heimwee-kroeg. Na 23:00 is iedereen dronken. Heel veel vies bier op de kaart dus bestel conservatief. Geensnor tip: laat die twee laatste whiskey om 3:30 staan en loop de volgende dag relatief fris door Riga.",
                "images": [],
                "category": "overig",
                "placeName": "Riga"
            }
        },
        {
            "type": "Feature",
            "geometry": {
                "type": "Point",
                "coordinates": [
                    -0.07587300000000141,
                    51.504179
                ]
            },
            "properties": {
                "id": 149,
                "name": "Most Cafe Bar",
                "description": "Cafe onder de Tower Bridge met uitzicht op de onderkant van de Tower Bridge en de Thames. Nice.",
                "fullDescription": "Cafe onder de Tower Bridge met uitzicht op de onderkant van de Tower Bridge en de Thames. Nice.",
                "images": [],
                "category": "overig",
                "placeName": "Groot-Londen"
            }
        },
        {
            "type": "Feature",
            "geometry": {
                "type": "Point",
                "coordinates": [
                    6.569619999999986,
                    53.215609
                ]
            },
            "properties": {
                "id": 150,
                "name": "Thai Jasmine",
                "description": "Thai's. Prima prijs, prima eten. +1 voor de bediening",
                "fullDescription": "Thai's. Prima prijs, prima eten. +1 voor de bediening",
                "images": [],
                "category": "overig",
                "placeName": "Groningen"
            }
        },
        {
            "type": "Feature",
            "geometry": {
                "type": "Point",
                "coordinates": [
                    11.577240999999958,
                    48.139343
                ]
            },
            "properties": {
                "id": 151,
                "name": "Zum Franziskaner",
                "description": "Zo Duits zo Duits Zo Duits! Anyhoe...goed eten en goed drinken in deze duitse vreetschuur",
                "fullDescription": "Zo Duits zo Duits Zo Duits! Anyhoe...goed eten en goed drinken in deze duitse vreetschuur",
                "images": [],
                "category": "overig",
                "placeName": "München"
            }
        },
        {
            "type": "Feature",
            "geometry": {
                "type": "Point",
                "coordinates": [
                    5.857978000000003,
                    51.848329
                ]
            },
            "properties": {
                "id": 152,
                "name": "Slagerij Sjek Floor",
                "description": "Biologische slager met heerlijke lamspiesjes. Nadeel is dat hij bijna nooit open is.",
                "fullDescription": "Biologische slager met heerlijke lamspiesjes. Nadeel is dat hij bijna nooit open is.",
                "images": [],
                "category": "overig",
                "placeName": "Nijmegen"
            }
        },
        {
            "type": "Feature",
            "geometry": {
                "type": "Point",
                "coordinates": [
                    10.746151999999938,
                    47.142782
                ]
            },
            "properties": {
                "id": 153,
                "name": "Mountain Camp Pitztal",
                "description": "Rustige kleine camping. Zowel in de winter als in de zomer open. Camping heeft een eigen restaurant waar je lekkere forellen kunt eten. Die vangen ze trouwens in hun eigen vijver. Door de ligging is d...",
                "fullDescription": "Rustige kleine camping. Zowel in de winter als in de zomer open. Camping heeft een eigen restaurant waar je lekkere forellen kunt eten. Die vangen ze trouwens in hun eigen vijver. Door de ligging is de zon vrij vroeg verdwenen en kan het verrassend koud worden.",
                "images": [],
                "category": "overig",
                "placeName": "Jerzens"
            }
        },
        {
            "type": "Feature",
            "geometry": {
                "type": "Point",
                "coordinates": [
                    5.864487,
                    51.847382
                ]
            },
            "properties": {
                "id": 154,
                "name": "Eetcafe Camelot",
                "description": "Default kroeg in Nijmegen. Ook prima hamburgers.",
                "fullDescription": "Default kroeg in Nijmegen. Ook prima hamburgers.",
                "images": [],
                "category": "overig",
                "placeName": "Nijmegen"
            }
        },
        {
            "type": "Feature",
            "geometry": {
                "type": "Point",
                "coordinates": [
                    19.049989879131317,
                    47.51614459414315
                ]
            },
            "properties": {
                "id": 155,
                "name": "Pozsonyi Kisvendéglő",
                "description": "Restaurant met (waarschijnlijk) redelijk traditioneel Hongaars eten. Niet vies, maar ook niet mega lekker. De bediening waarschuwt je vriendelijk als je varkensmaag aan het bestellen bent.",
                "fullDescription": "Restaurant met (waarschijnlijk) redelijk traditioneel Hongaars eten. Niet vies, maar ook niet mega lekker. De bediening waarschuwt je vriendelijk als je varkensmaag aan het bestellen bent.",
                "images": [],
                "category": "overig",
                "placeName": "Boedapest"
            }
        },
        {
            "type": "Feature",
            "geometry": {
                "type": "Point",
                "coordinates": [
                    19.063384000000042,
                    47.49702049741783
                ]
            },
            "properties": {
                "id": 156,
                "name": "SZIMPLA KERT",
                "description": "Hongaarse \"beer garden\" met (nou vooruit dan maar) berlijnse kraak looks. S avonds best gezellig. Je kan er eten, maar de door geensnor bestelde hamburger was onder de maat.",
                "fullDescription": "Hongaarse \"beer garden\" met (nou vooruit dan maar) berlijnse kraak looks. S avonds best gezellig. Je kan er eten, maar de door geensnor bestelde hamburger was onder de maat.",
                "images": [],
                "category": "overig",
                "placeName": "Boedapest"
            }
        },
        {
            "type": "Feature",
            "geometry": {
                "type": "Point",
                "coordinates": [
                    19.057881899999984,
                    47.49816879999999
                ]
            },
            "properties": {
                "id": 157,
                "name": "Csináltam neked",
                "description": "Mooi restaurant. Prima goulash (stoofpot versie) gegeten. Vriendelijke prijzen en bediening. Ligt in een wijk\/gebied met tig plaatsen die geschikt zijn om bier te drinken.",
                "fullDescription": "Mooi restaurant. Prima goulash (stoofpot versie) gegeten. Vriendelijke prijzen en bediening. Ligt in een wijk\/gebied met tig plaatsen die geschikt zijn om bier te drinken.",
                "images": [],
                "category": "overig",
                "placeName": "Boedapest"
            }
        },
        {
            "type": "Feature",
            "geometry": {
                "type": "Point",
                "coordinates": [
                    5.121546999999964,
                    52.089017
                ]
            },
            "properties": {
                "id": 158,
                "name": "Kafe België",
                "description": "In het weekend te druk, door de week prima. Veel soorten bier. Tip! Probeer het eten! Dat is boven verwachting goed",
                "fullDescription": "In het weekend te druk, door de week prima. Veel soorten bier. Tip! Probeer het eten! Dat is boven verwachting goed",
                "images": [],
                "category": "overig",
                "placeName": "Utrecht"
            }
        },
        {
            "type": "Feature",
            "geometry": {
                "type": "Point",
                "coordinates": [
                    5.915794000000005,
                    51.985934
                ]
            },
            "properties": {
                "id": 159,
                "name": "Goed.",
                "description": "Groot restaurant waar het de bedoeling is dat je meerdere gerechten bestelt. Ze mijden het woord \"tapas\" en dat is goed. Het eten is lekker. Wel vaak druk. De trein rijdt bijna over het terras",
                "fullDescription": "Groot restaurant waar het de bedoeling is dat je meerdere gerechten bestelt. Ze mijden het woord \"tapas\" en dat is goed. Het eten is lekker. Wel vaak druk. De trein rijdt bijna over het terras",
                "images": [],
                "category": "overig",
                "placeName": "Arnhem"
            }
        },
        {
            "type": "Feature",
            "geometry": {
                "type": "Point",
                "coordinates": [
                    5.908617000000049,
                    51.982569
                ]
            },
            "properties": {
                "id": 160,
                "name": "Café 't Moortgat",
                "description": "Bruin prima cafe. Voor gewoon bier drinken (duitse biertjes)",
                "fullDescription": "Bruin prima cafe. Voor gewoon bier drinken (duitse biertjes)",
                "images": [
                    "https:\/\/lh5.googleusercontent.com\/proxy\/y0I8PPpxZ5UmMAca6iKTVw18X-bqR2VY2KYsf8R0AXYu9iknczPGtO8_7zKy6fMCr9TTMyC4NjdWf8nJE8ia_g5B1rSJDXADUw1uQg6FbDiIQqlwEm6o48o_W_U8TkISyCs"
                ],
                "category": "overig",
                "placeName": "Arnhem"
            }
        },
        {
            "type": "Feature",
            "geometry": {
                "type": "Point",
                "coordinates": [
                    5.034191999999962,
                    52.229966
                ]
            },
            "properties": {
                "id": 161,
                "name": "Lokaal Zuid",
                "description": "Eetcafe. Lekkere biologische hamburgers in Vreeland. De frietsate schijnt ook niet mis te zijn. Kok komt uit de keuken om te vertellen dat hij gekookt heeft. Dat is opzich niet nodig bij hamburgers en...",
                "fullDescription": "Eetcafe. Lekkere biologische hamburgers in Vreeland. De frietsate schijnt ook niet mis te zijn. Kok komt uit de keuken om te vertellen dat hij gekookt heeft. Dat is opzich niet nodig bij hamburgers en frietsate.",
                "images": [],
                "category": "overig",
                "placeName": "Vreeland"
            }
        },
        {
            "type": "Feature",
            "geometry": {
                "type": "Point",
                "coordinates": [
                    5.0217139999999745,
                    52.209171
                ]
            },
            "properties": {
                "id": 162,
                "name": "Eterij De Drie Gekroonde Laarsjes",
                "description": "De locatie kenmerkt zich door een strenge doch rechtvaardige bediening enerzijds en een erg onervaren schattige anderzijds.  Het eten is echt heel goed en smakelijk. Lamsrack is een aanrader. Parkeren...",
                "fullDescription": "De locatie kenmerkt zich door een strenge doch rechtvaardige bediening enerzijds en een erg onervaren schattige anderzijds.  Het eten is echt heel goed en smakelijk. Lamsrack is een aanrader. Parkeren kan goed  bij de buren.",
                "images": [],
                "category": "overig",
                "placeName": "Loenen aan de Vecht"
            }
        },
        {
            "type": "Feature",
            "geometry": {
                "type": "Point",
                "coordinates": [
                    5.034817457199097,
                    52.1995125369326
                ]
            },
            "properties": {
                "id": 163,
                "name": "Trailerhelling bij Loosdrecht",
                "description": "Goede trailerhelling met parkeerplaats. Aan de prijs (zomer 2013: 18 euro). Prima plaats om de plassen op te gaan. Voor de vecht moet je nog door een (soms druk) sluisje.",
                "fullDescription": "Goede trailerhelling met parkeerplaats. Aan de prijs (zomer 2013: 18 euro). Prima plaats om de plassen op te gaan. Voor de vecht moet je nog door een (soms druk) sluisje.",
                "images": [],
                "category": "overig",
                "placeName": "Loosdrecht"
            }
        },
        {
            "type": "Feature",
            "geometry": {
                "type": "Point",
                "coordinates": [
                    5.121515999999929,
                    52.076738
                ]
            },
            "properties": {
                "id": 164,
                "name": "KLEIN BERLIJN",
                "description": "Drankjes drinken aan het kanaal. Zaak vol hipsters maar an sich een mooi terras. het bier is volgens eigen zeggen Duits geprijsd. De werkelijkheid ligt helaas iets hoger maar nog steeds goedkoop. Erna...",
                "fullDescription": "Drankjes drinken aan het kanaal. Zaak vol hipsters maar an sich een mooi terras. het bier is volgens eigen zeggen Duits geprijsd. De werkelijkheid ligt helaas iets hoger maar nog steeds goedkoop. Ernaast een grasveld. Bij de slijterbuurman kun je een picknick setje kopen.",
                "images": [],
                "category": "overig",
                "placeName": "Utrecht"
            }
        },
        {
            "type": "Feature",
            "geometry": {
                "type": "Point",
                "coordinates": [
                    5.698535442352295,
                    51.791045729658904
                ]
            },
            "properties": {
                "id": 165,
                "name": "Trailerhelling Loonsewaard",
                "description": "Trailerhelling bij jachthaven Hoogeerd. Beton en niet te steil. Het hek van de haven zit meestal op slot, maar je kan de havenmeester bellen (nummer op het bord). Helling is niet gratis, parkeren wel....",
                "fullDescription": "Trailerhelling bij jachthaven Hoogeerd. Beton en niet te steil. Het hek van de haven zit meestal op slot, maar je kan de havenmeester bellen (nummer op het bord). Helling is niet gratis, parkeren wel. De jachthaven ernaast (De Batavier) heeft een hele slechte, steile helling.",
                "images": [],
                "category": "overig",
                "placeName": "Niftrik"
            }
        },
        {
            "type": "Feature",
            "geometry": {
                "type": "Point",
                "coordinates": [
                    4.47179600000004,
                    51.916908
                ]
            },
            "properties": {
                "id": 166,
                "name": "Rotown B.V.",
                "description": "Erg goede hamburgers voor 9.50. Voor een daalder erbij heb je frieten. De zelfgemaakte ketchup is goddelijk. Ook fijn terras en bier",
                "fullDescription": "Erg goede hamburgers voor 9.50. Voor een daalder erbij heb je frieten. De zelfgemaakte ketchup is goddelijk. Ook fijn terras en bier",
                "images": [],
                "category": "overig",
                "placeName": "Rotterdam"
            }
        },
        {
            "type": "Feature",
            "geometry": {
                "type": "Point",
                "coordinates": [
                    4.911983999999961,
                    52.366874
                ]
            },
            "properties": {
                "id": 167,
                "name": "Burgermeester",
                "description": "Goede hamburgers...punt",
                "fullDescription": "Goede hamburgers...punt",
                "images": [],
                "category": "overig",
                "placeName": "Amsterdam"
            }
        },
        {
            "type": "Feature",
            "geometry": {
                "type": "Point",
                "coordinates": [
                    4.911573999999973,
                    52.376301
                ]
            },
            "properties": {
                "id": 168,
                "name": "Hannekes Boom...sinds 1662",
                "description": "Aardige plek voor iets drinken en lekkere lunch. Niet duur. Handig als je met de boot bent.",
                "fullDescription": "Aardige plek voor iets drinken en lekkere lunch. Niet duur. Handig als je met de boot bent.",
                "images": [],
                "category": "overig",
                "placeName": "Amsterdam"
            }
        },
        {
            "type": "Feature",
            "geometry": {
                "type": "Point",
                "coordinates": [
                    5.711034000000041,
                    52.845349
                ]
            },
            "properties": {
                "id": 169,
                "name": "Eetcafé Lange Piet",
                "description": "Lange Piet, we weten het niet. Er hangen borden waarop eten staat wat je niet kan krijgen en de snoekbaars filet was niet echt hoe je hem wilt hebben. Het was echter ook weer geen absolute NEEN volgen...",
                "fullDescription": "Lange Piet, we weten het niet. Er hangen borden waarop eten staat wat je niet kan krijgen en de snoekbaars filet was niet echt hoe je hem wilt hebben. Het was echter ook weer geen absolute NEEN volgens geensnor.nl.",
                "images": [],
                "category": "overig",
                "placeName": "Lemmer"
            }
        },
        {
            "type": "Feature",
            "geometry": {
                "type": "Point",
                "coordinates": [
                    -74.013624,
                    40.711485
                ]
            },
            "properties": {
                "id": 170,
                "name": "9\/11 Memorial",
                "description": "9\/11 memorial kun je overslaan. De veiligheidsmaatregelen zijn erger dan op een vliegveld en het is druk. Vervolgens sta je te kijken naar een omgekeerde waterval tussen de Amerikaanse tokkies.",
                "fullDescription": "9\/11 memorial kun je overslaan. De veiligheidsmaatregelen zijn erger dan op een vliegveld en het is druk. Vervolgens sta je te kijken naar een omgekeerde waterval tussen de Amerikaanse tokkies.",
                "images": [],
                "category": "overig",
                "placeName": "New York"
            }
        },
        {
            "type": "Feature",
            "geometry": {
                "type": "Point",
                "coordinates": [
                    -73.98427800000002,
                    40.747236
                ]
            },
            "properties": {
                "id": 171,
                "name": "Rattle N Hum",
                "description": "(Bruin-)cafe voor bierdrinkers. Ze hebben er enorm veel verschillende soorten bier. Beetje de Cafe Jos van New York. Schenken principieel geen Budweiser (en daar kan ik me iets bij voorstellen). Je ka...",
                "fullDescription": "(Bruin-)cafe voor bierdrinkers. Ze hebben er enorm veel verschillende soorten bier. Beetje de Cafe Jos van New York. Schenken principieel geen Budweiser (en daar kan ik me iets bij voorstellen). Je kan er ook prima eten.",
                "images": [],
                "category": "overig",
                "placeName": "New York"
            }
        },
        {
            "type": "Feature",
            "geometry": {
                "type": "Point",
                "coordinates": [
                    -73.98593499999998,
                    40.730411
                ]
            },
            "properties": {
                "id": 172,
                "name": "Numero 28",
                "description": "Erg lekkere pizzeria. Veel verse ingrediënten enzo. Bediening loopt als een zonnetje. Cash only maar er staat een geldautomaat in de zaak.",
                "fullDescription": "Erg lekkere pizzeria. Veel verse ingrediënten enzo. Bediening loopt als een zonnetje. Cash only maar er staat een geldautomaat in de zaak.",
                "images": [],
                "category": "overig",
                "placeName": "New York"
            }
        },
        {
            "type": "Feature",
            "geometry": {
                "type": "Point",
                "coordinates": [
                    -73.98018400000001,
                    40.660769
                ]
            },
            "properties": {
                "id": 173,
                "name": "Connecticut Muffin",
                "description": "Goede plaats voor een ontbijt of lunch. Lekkere broodjes maar geen grote keuze. Dichtbij metrostation en park. Service zonder glimlach.",
                "fullDescription": "Goede plaats voor een ontbijt of lunch. Lekkere broodjes maar geen grote keuze. Dichtbij metrostation en park. Service zonder glimlach.",
                "images": [],
                "category": "overig",
                "placeName": "New York"
            }
        },
        {
            "type": "Feature",
            "geometry": {
                "type": "Point",
                "coordinates": [
                    -73.98075699999998,
                    40.660146000000005
                ]
            },
            "properties": {
                "id": 174,
                "name": "Windsor Cafe",
                "description": "Eetcafe met vooral veel vette zooi. Gigantische porties. Kun je overslaan. Misschien is het 's avonds gezellig, maar dat weten we niet.",
                "fullDescription": "Eetcafe met vooral veel vette zooi. Gigantische porties. Kun je overslaan. Misschien is het 's avonds gezellig, maar dat weten we niet.",
                "images": [],
                "category": "overig",
                "placeName": "New York"
            }
        },
        {
            "type": "Feature",
            "geometry": {
                "type": "Point",
                "coordinates": [
                    -73.95873899999998,
                    40.717092
                ]
            },
            "properties": {
                "id": 175,
                "name": "Tai Thai",
                "description": "Goed Thai's eten voor weinig. Bediening loopt een beetje stroefjes maar dat is geen ramp. Je moet eerst kloppen voordat je de toilet binnen mag, maar hij heeft ook gewoon een slot.",
                "fullDescription": "Goed Thai's eten voor weinig. Bediening loopt een beetje stroefjes maar dat is geen ramp. Je moet eerst kloppen voordat je de toilet binnen mag, maar hij heeft ook gewoon een slot.",
                "images": [],
                "category": "overig",
                "placeName": "New York"
            }
        },
        {
            "type": "Feature",
            "geometry": {
                "type": "Point",
                "coordinates": [
                    -73.95764700000001,
                    40.717662
                ]
            },
            "properties": {
                "id": 176,
                "name": "Station",
                "description": "Hip eten in een hippe wijk. Misschien wel de lekkerste hamburgers die ik ooit heb gegeten. Tikje duurder dan normaal. Ligt naast metrostation. Berg personeel en wellicht daardoor goeie service. Brookl...",
                "fullDescription": "Hip eten in een hippe wijk. Misschien wel de lekkerste hamburgers die ik ooit heb gegeten. Tikje duurder dan normaal. Ligt naast metrostation. Berg personeel en wellicht daardoor goeie service. Brooklyn Pilsner is overigens wel lekker Amerikaans bier.",
                "images": [],
                "category": "overig",
                "placeName": "New York"
            }
        },
        {
            "type": "Feature",
            "geometry": {
                "type": "Point",
                "coordinates": [
                    -73.95856700000002,
                    40.713258
                ]
            },
            "properties": {
                "id": 177,
                "name": "Clem's",
                "description": "Kun je overslaan zonder iets te missen. Beetje rare, donkere kroeg. Vergeleken bij deze toilet is de toilet van de Wendel strak gewit. Wel gewoon bier en dat soort dingen.",
                "fullDescription": "Kun je overslaan zonder iets te missen. Beetje rare, donkere kroeg. Vergeleken bij deze toilet is de toilet van de Wendel strak gewit. Wel gewoon bier en dat soort dingen.",
                "images": [],
                "category": "overig",
                "placeName": "New York"
            }
        },
        {
            "type": "Feature",
            "geometry": {
                "type": "Point",
                "coordinates": [
                    -74.00476400000002,
                    40.747951
                ]
            },
            "properties": {
                "id": 178,
                "name": "The High Line",
                "description": "Stuk wandelen over oude spoorlijn boven de stad. Leuk en gratis. Verwacht niet dat je leven erna helemaal anders is.",
                "fullDescription": "Stuk wandelen over oude spoorlijn boven de stad. Leuk en gratis. Verwacht niet dat je leven erna helemaal anders is.",
                "images": [],
                "category": "overig",
                "placeName": "New York"
            }
        },
        {
            "type": "Feature",
            "geometry": {
                "type": "Point",
                "coordinates": [
                    -74.00538100000001,
                    40.740428
                ]
            },
            "properties": {
                "id": 179,
                "name": "Dos Caminos",
                "description": "Deftige mexicaan. Goed bedacht. Lekker eten. Nogal een yuppen tent. Obers zijn gladde verkopers. Als je \"ja\" zegt tegen de nacho's en guacamole in het begin, krijg je ongeveer een doopvont vol. Dat is...",
                "fullDescription": "Deftige mexicaan. Goed bedacht. Lekker eten. Nogal een yuppen tent. Obers zijn gladde verkopers. Als je \"ja\" zegt tegen de nacho's en guacamole in het begin, krijg je ongeveer een doopvont vol. Dat is opzich niet zo'n ramp want want het hoofdgerecht is on-amerikaans weinig. Bovendien is de guacamole echt heel lekker.",
                "images": [],
                "category": "overig",
                "placeName": "New York"
            }
        },
        {
            "type": "Feature",
            "geometry": {
                "type": "Point",
                "coordinates": [
                    -73.98474099999999,
                    40.666888
                ]
            },
            "properties": {
                "id": 180,
                "name": "Bar Toto",
                "description": "Lekker ontbijt\/lunch op z'n Italiaans.  Slechte koffie. Goede bediening.",
                "fullDescription": "Lekker ontbijt\/lunch op z'n Italiaans.  Slechte koffie. Goede bediening.",
                "images": [],
                "category": "overig",
                "placeName": "New York"
            }
        },
        {
            "type": "Feature",
            "geometry": {
                "type": "Point",
                "coordinates": [
                    -71.31449399999998,
                    41.483374
                ]
            },
            "properties": {
                "id": 181,
                "name": "Via Via Pizzeria",
                "description": "Soort snackbar. Beetje afgeragde bende. Niet doen. Pizza's zijn gigantisch vet en niet lekker.",
                "fullDescription": "Soort snackbar. Beetje afgeragde bende. Niet doen. Pizza's zijn gigantisch vet en niet lekker.",
                "images": [],
                "category": "overig",
                "placeName": "Newport"
            }
        },
        {
            "type": "Feature",
            "geometry": {
                "type": "Point",
                "coordinates": [
                    5.14429999999993,
                    52.085788
                ]
            },
            "properties": {
                "id": 182,
                "name": "Bastacosi",
                "description": "Kleine gezellige pizzaria achter het wilhelminapark. Ze hebben een echt houtoven. Alleen dat al is op zich de moeite waard. De pizza's zijn top, de inrichting fijn en de bediening vriendelijk, mits je...",
                "fullDescription": "Kleine gezellige pizzaria achter het wilhelminapark. Ze hebben een echt houtoven. Alleen dat al is op zich de moeite waard. De pizza's zijn top, de inrichting fijn en de bediening vriendelijk, mits je bediend wordt. Enigzins gezocht concept waarbij je zelf je drank en glazen e.d moet pakken. Probeer de toetjes, ondanks het plastic wel zelf gemaakt en lekker. Kleine tip. Neem een pizza als dessert, de porties vallen wat tegen.",
                "images": [],
                "category": "overig",
                "placeName": "Utrecht"
            }
        },
        {
            "type": "Feature",
            "geometry": {
                "type": "Point",
                "coordinates": [
                    5.144540000000006,
                    52.086455
                ]
            },
            "properties": {
                "id": 183,
                "name": "Café Primus Jan",
                "description": "Bruin buurt cafe. Biercafe, met veel bier soorten. De IPA is prima. Geen pretenties, fijn terras met zon. De wc ruikt naar vroeger,",
                "fullDescription": "Bruin buurt cafe. Biercafe, met veel bier soorten. De IPA is prima. Geen pretenties, fijn terras met zon. De wc ruikt naar vroeger,",
                "images": [],
                "category": "overig",
                "placeName": "Utrecht"
            }
        },
        {
            "type": "Feature",
            "geometry": {
                "type": "Point",
                "coordinates": [
                    1.6118289999999433,
                    50.770577
                ]
            },
            "properties": {
                "id": 184,
                "name": "Hôtel Saint Jean",
                "description": "Heel goed fijn hotel, niet goedkoop, wel dicht bij het strand en fijne bedden.",
                "fullDescription": "Heel goed fijn hotel, niet goedkoop, wel dicht bij het strand en fijne bedden.",
                "images": [],
                "category": "overig",
                "placeName": "Wimereux"
            }
        },
        {
            "type": "Feature",
            "geometry": {
                "type": "Point",
                "coordinates": [
                    1.6101280000000318,
                    50.765963
                ]
            },
            "properties": {
                "id": 185,
                "name": "Comme chez soi",
                "description": "Dit gaat het niet worden. Ziet er goed uit van buiten maar uiteindelijk gewoon heel slecht gegeten voor veel te veel geld. Orientaalse mosselen betekent niet een bak diepvriesmosselen met een lading o...",
                "fullDescription": "Dit gaat het niet worden. Ziet er goed uit van buiten maar uiteindelijk gewoon heel slecht gegeten voor veel te veel geld. Orientaalse mosselen betekent niet een bak diepvriesmosselen met een lading orientaalse kruiden er overheen. Daarbij is de sfeer er trouwens ook niet helemaal top.",
                "images": [
                    "https:\/\/lh5.googleusercontent.com\/proxy\/Y3thyzB_z-t8IA58wnLl1CNLGC7I1f0E9zCDos73iHstGrrd_K4bMTCBaauPH5TbNIVFuA6vT8vzZ6Tos1AZdaxr4KOnlWRNne9xOgDQ-szs"
                ],
                "category": "overig",
                "placeName": "Wimereux"
            }
        },
        {
            "type": "Feature",
            "geometry": {
                "type": "Point",
                "coordinates": [
                    4.052857000000017,
                    51.4959405
                ]
            },
            "properties": {
                "id": 186,
                "name": "Viskeete",
                "description": "Top vis. Soort mega snackbar\/bistro met verse heerlijke vis. Vis vis vis",
                "fullDescription": "Top vis. Soort mega snackbar\/bistro met verse heerlijke vis. Vis vis vis",
                "images": [],
                "category": "overig",
                "placeName": "Yerseke"
            }
        },
        {
            "type": "Feature",
            "geometry": {
                "type": "Point",
                "coordinates": [
                    -3.7079180000000633,
                    40.417685
                ]
            },
            "properties": {
                "id": 187,
                "name": "Hostal Ivor",
                "description": "Midden in het centrum. Tijdens winkeltijden moeilijk bij de voordeur komen door de drukte Wel goede kamers en geen last van geluid binnen",
                "fullDescription": "Midden in het centrum. Tijdens winkeltijden moeilijk bij de voordeur komen door de drukte Wel goede kamers en geen last van geluid binnen",
                "images": [],
                "category": "overig",
                "placeName": "Madrid"
            }
        },
        {
            "type": "Feature",
            "geometry": {
                "type": "Point",
                "coordinates": [
                    -2.9253380000000107,
                    43.265571
                ]
            },
            "properties": {
                "id": 188,
                "name": "Yandiola",
                "description": "Goed eten. Gewoon heel smakelijk eten. Glaasje huiswijn erbij en helemaal niks meer aan doen. Let wel even op de achterlijke spaanse eettijden.",
                "fullDescription": "Goed eten. Gewoon heel smakelijk eten. Glaasje huiswijn erbij en helemaal niks meer aan doen. Let wel even op de achterlijke spaanse eettijden.",
                "images": [],
                "category": "overig",
                "placeName": "Bilbao"
            }
        },
        {
            "type": "Feature",
            "geometry": {
                "type": "Point",
                "coordinates": [
                    -73.99388699999997,
                    40.685739
                ]
            },
            "properties": {
                "id": 189,
                "name": "Rolling Orange Bikes",
                "description": "Nederlandse fietsen huren in Brooklyn. Batavus en Gazelle's enzo. Prima fietsen. Een fietsverhuurder vinden in Brooklyn valt trouwens niet mee (als je niet van die Citi Bikes wilt), veel fietsenzaken ...",
                "fullDescription": "Nederlandse fietsen huren in Brooklyn. Batavus en Gazelle's enzo. Prima fietsen. Een fietsverhuurder vinden in Brooklyn valt trouwens niet mee (als je niet van die Citi Bikes wilt), veel fietsenzaken verhuren niet.",
                "images": [],
                "category": "overig",
                "placeName": "New York"
            }
        },
        {
            "type": "Feature",
            "geometry": {
                "type": "Point",
                "coordinates": [
                    -74.00612699999999,
                    40.742591000000004
                ]
            },
            "properties": {
                "id": 190,
                "name": "Chelsea Market",
                "description": "Overdekte markt waar je allemaal dingetjes en futsels kunt kopen. Wel mooi gemaakt allemaal. Meer iets voor vrouwen. Ik heb er een pen gekocht maar die ben ik kwijt geraakt.",
                "fullDescription": "Overdekte markt waar je allemaal dingetjes en futsels kunt kopen. Wel mooi gemaakt allemaal. Meer iets voor vrouwen. Ik heb er een pen gekocht maar die ben ik kwijt geraakt.",
                "images": [],
                "category": "overig",
                "placeName": "New York"
            }
        },
        {
            "type": "Feature",
            "geometry": {
                "type": "Point",
                "coordinates": [
                    -71.07253200000004,
                    42.34333000000001
                ]
            },
            "properties": {
                "id": 191,
                "name": "Mela Modern Indian Cuisine",
                "description": "Beste indier in Boston volgens iemand. Degene zou ook best eens gelijk kunnen hebben. Betaalbaar in verder prijzige buurt.  Zelfgemaakte naan. Medium pittig is pittig genoeg.",
                "fullDescription": "Beste indier in Boston volgens iemand. Degene zou ook best eens gelijk kunnen hebben. Betaalbaar in verder prijzige buurt.  Zelfgemaakte naan. Medium pittig is pittig genoeg.",
                "images": [],
                "category": "overig",
                "placeName": "Boston"
            }
        },
        {
            "type": "Feature",
            "geometry": {
                "type": "Point",
                "coordinates": [
                    -71.072946,
                    42.34635
                ]
            },
            "properties": {
                "id": 192,
                "name": "Delux Cafe",
                "description": "Obscure Elvis kroeg met 60's muziek. Kroeg ligt gewoon op de bagane grond, maar heeft toch geen ramen. Sfeer, locals en bruin. Een kroeg zoals wij van Geensnor ze graag zien.",
                "fullDescription": "Obscure Elvis kroeg met 60's muziek. Kroeg ligt gewoon op de bagane grond, maar heeft toch geen ramen. Sfeer, locals en bruin. Een kroeg zoals wij van Geensnor ze graag zien.",
                "images": [],
                "category": "overig",
                "placeName": "Boston"
            }
        },
        {
            "type": "Feature",
            "geometry": {
                "type": "Point",
                "coordinates": [
                    -71.08423600000003,
                    42.348341
                ]
            },
            "properties": {
                "id": 193,
                "name": "Lir",
                "description": "Ierse pub met kroeghap. Vriendelijk personeel en lekker bier maar matig eten. Eten smaakt flauw en de frieten zijn te rauw.",
                "fullDescription": "Ierse pub met kroeghap. Vriendelijk personeel en lekker bier maar matig eten. Eten smaakt flauw en de frieten zijn te rauw.",
                "images": [],
                "category": "overig",
                "placeName": "Boston"
            }
        },
        {
            "type": "Feature",
            "geometry": {
                "type": "Point",
                "coordinates": [
                    -71.05792200000002,
                    42.356798
                ]
            },
            "properties": {
                "id": 194,
                "name": "Cosi",
                "description": "Lunch\/ontbijt ding. Keten. Bakken eigen brood in de zaak. Lekkere broodjes. Personeel bedoelt het goed, maar is eigenlijk vooral elkaar tegen aan het werken.",
                "fullDescription": "Lunch\/ontbijt ding. Keten. Bakken eigen brood in de zaak. Lekkere broodjes. Personeel bedoelt het goed, maar is eigenlijk vooral elkaar tegen aan het werken.",
                "images": [],
                "category": "overig",
                "placeName": "Boston"
            }
        },
        {
            "type": "Feature",
            "geometry": {
                "type": "Point",
                "coordinates": [
                    -71.07111199999997,
                    42.344084
                ]
            },
            "properties": {
                "id": 195,
                "name": "Addis Red Sea Restaurant",
                "description": "Ethiopiër. En dat betekent eten met je handen op rare krukjes. Wel lekker eten overigens. Personeel is een beetje terughoudend.",
                "fullDescription": "Ethiopiër. En dat betekent eten met je handen op rare krukjes. Wel lekker eten overigens. Personeel is een beetje terughoudend.",
                "images": [],
                "category": "overig",
                "placeName": "Boston"
            }
        },
        {
            "type": "Feature",
            "geometry": {
                "type": "Point",
                "coordinates": [
                    -71.057323,
                    42.353427
                ]
            },
            "properties": {
                "id": 196,
                "name": "Taste of the Town",
                "description": "Lunch\/ontbijt zaak. Gelukkig niet echt \"Taste of the Town\". Niet lekker. Afgeragde tent.",
                "fullDescription": "Lunch\/ontbijt zaak. Gelukkig niet echt \"Taste of the Town\". Niet lekker. Afgeragde tent.",
                "images": [],
                "category": "overig",
                "placeName": "Boston"
            }
        },
        {
            "type": "Feature",
            "geometry": {
                "type": "Point",
                "coordinates": [
                    -71.055496,
                    42.364274
                ]
            },
            "properties": {
                "id": 197,
                "name": "Al Dente",
                "description": "Italiaan zonder pizza's. Personeel lijkt één familie en heeft een authentiek klinkend maffia accent. Heel erg (echt heel erg) lekker eten. Op vrijdag en zaterdag druk (rijen voor de ingang enzo).",
                "fullDescription": "Italiaan zonder pizza's. Personeel lijkt één familie en heeft een authentiek klinkend maffia accent. Heel erg (echt heel erg) lekker eten. Op vrijdag en zaterdag druk (rijen voor de ingang enzo).",
                "images": [],
                "category": "overig",
                "placeName": "Boston"
            }
        },
        {
            "type": "Feature",
            "geometry": {
                "type": "Point",
                "coordinates": [
                    -71.05655200000001,
                    42.361761
                ]
            },
            "properties": {
                "id": 198,
                "name": "Durty Nelly's",
                "description": "No nonsens Ierse pub. Niet groot. Precies genoeg afgeragd.",
                "fullDescription": "No nonsens Ierse pub. Niet groot. Precies genoeg afgeragd.",
                "images": [],
                "category": "overig",
                "placeName": "Boston"
            }
        },
        {
            "type": "Feature",
            "geometry": {
                "type": "Point",
                "coordinates": [
                    -71.063447,
                    42.351208
                ]
            },
            "properties": {
                "id": 199,
                "name": "HI - Boston",
                "description": "Aangezien hotels in Boston tering duur zijn, kom je al snel bij een hostel uit. Dit hostel is vrij nieuw en schoon. Alles is goed geregeld. Twee grote nadelen zijn dat het tweepersoonsbed klein is en ...",
                "fullDescription": "Aangezien hotels in Boston tering duur zijn, kom je al snel bij een hostel uit. Dit hostel is vrij nieuw en schoon. Alles is goed geregeld. Twee grote nadelen zijn dat het tweepersoonsbed klein is en dat het nogal gehorig is. Ligt wel mooi centraal.",
                "images": [],
                "category": "overig",
                "placeName": "Boston"
            }
        },
        {
            "type": "Feature",
            "geometry": {
                "type": "Point",
                "coordinates": [
                    -71.062973,
                    42.351294
                ]
            },
            "properties": {
                "id": 200,
                "name": "Penang",
                "description": "Ik heb niet zo heel veel Maleisisch gegeten, maar dit was prima. Zacht voor de portemonnee bovendien. Personeel legt vriendelijke de kaart uit, maar is niet handig qua timing. Het hoofdgerecht voor tw...",
                "fullDescription": "Ik heb niet zo heel veel Maleisisch gegeten, maar dit was prima. Zacht voor de portemonnee bovendien. Personeel legt vriendelijke de kaart uit, maar is niet handig qua timing. Het hoofdgerecht voor twee mensen tegelijk opdienen blijkt lastig.",
                "images": [],
                "category": "overig",
                "placeName": "Boston"
            }
        },
        {
            "type": "Feature",
            "geometry": {
                "type": "Point",
                "coordinates": [
                    -73.976719,
                    40.656408
                ]
            },
            "properties": {
                "id": 201,
                "name": "Appartement op 1661 11th Ave",
                "description": "In het appartementen complex op 1661 11th Ave, Brooklyn, kun je prima appartementen huren. Goedkoper dan een hotel en ruim. Als je op het adres googled vind je wel wat contactinformatie. Beheerder is ...",
                "fullDescription": "In het appartementen complex op 1661 11th Ave, Brooklyn, kun je prima appartementen huren. Goedkoper dan een hotel en ruim. Als je op het adres googled vind je wel wat contactinformatie. Beheerder is erg vriendelijk en geeft tips over interessante dingen in de buurt.",
                "images": [],
                "category": "overig",
                "placeName": "New York"
            }
        },
        {
            "type": "Feature",
            "geometry": {
                "type": "Point",
                "coordinates": [
                    5.904210000000035,
                    51.982117
                ]
            },
            "properties": {
                "id": 202,
                "name": "Eetcafé Mej. Janssen",
                "description": "Simpel maar prima restaurant. Ergens tussen eetcafe en restaurant in. Ik had waterkerssoep, die was lekker. 20 euro voor 3 gangen, en een aangename sfeer. Simpel goed eten zonder een uitgesproken sfee...",
                "fullDescription": "Simpel maar prima restaurant. Ergens tussen eetcafe en restaurant in. Ik had waterkerssoep, die was lekker. 20 euro voor 3 gangen, en een aangename sfeer. Simpel goed eten zonder een uitgesproken sfeer.",
                "images": [],
                "category": "overig",
                "placeName": "Arnhem"
            }
        },
        {
            "type": "Feature",
            "geometry": {
                "type": "Point",
                "coordinates": [
                    5.916437999999971,
                    51.985924
                ]
            },
            "properties": {
                "id": 203,
                "name": "Caspar",
                "description": "Eetcafe naast Goed. Origineel interieur en prima sfeer. Het eten is lekker maar niet echt bijzonder. Stevig aan de prijs voor wat je krijgt.",
                "fullDescription": "Eetcafe naast Goed. Origineel interieur en prima sfeer. Het eten is lekker maar niet echt bijzonder. Stevig aan de prijs voor wat je krijgt.",
                "images": [],
                "category": "overig",
                "placeName": "Arnhem"
            }
        },
        {
            "type": "Feature",
            "geometry": {
                "type": "Point",
                "coordinates": [
                    5.918777999999975,
                    51.982663
                ]
            },
            "properties": {
                "id": 204,
                "name": "Restaurant De Blauwe Hoek",
                "description": "De lamskoteletjes waren heerlijk en mals. Het probleem van dit restaurant zit hem in de bediening. Die is zo slecht dat we zelfs niet meer wilde wachten op het gratis biertje.",
                "fullDescription": "De lamskoteletjes waren heerlijk en mals. Het probleem van dit restaurant zit hem in de bediening. Die is zo slecht dat we zelfs niet meer wilde wachten op het gratis biertje.",
                "images": [],
                "category": "overig",
                "placeName": "Arnhem"
            }
        },
        {
            "type": "Feature",
            "geometry": {
                "type": "Point",
                "coordinates": [
                    2.385311999999999,
                    48.866568
                ]
            },
            "properties": {
                "id": 205,
                "name": "La Boulangerie",
                "description": "Niet goedkoop maar man man wat lekker. Absoluut top restaurant. Goede wijn, lekker eten. Franse keuken. Laat je niet misleiden door een gesloten zaak. Ze gaan gewoon pas vrij laat open. Bestel gewoon ...",
                "fullDescription": "Niet goedkoop maar man man wat lekker. Absoluut top restaurant. Goede wijn, lekker eten. Franse keuken. Laat je niet misleiden door een gesloten zaak. Ze gaan gewoon pas vrij laat open. Bestel gewoon wat je wilt...het is het waard! De serveerster  trouwens ook.",
                "images": [
                    "https:\/\/lh5.googleusercontent.com\/proxy\/7kGfSxm1wM8YkZlclz2VDKoNgU4MsvJ0A5rwYYtIz6av6mVQqjVvMxo09nq2xDSUkCDpid7htnr9j1wBSBDqOkvDlELvhgdAvIB-mRG8hgZt1dUmx2p2rK8G2TBq2bp9fcOzV9ooZi3VA35sN4VV_P5BABDwmDo5V-7d2dOB0OE",
                    "https:\/\/lh6.googleusercontent.com\/proxy\/FZSCr7Bisnb94i_1f7M1GWry9LKfVCBEvbs4blh_yNz6slnkAgz50UssxosScIGvruU9qiNMzeMZgIbQDgzS1Ghecl_VY542jI0sCrHakm5KX5BTgNueEfJUiNcoYQ5yGGit2yZpjnwnyAJ-wSXySnYV50mypY7Mb5ZiR0ZdP_8"
                ],
                "category": "overig",
                "placeName": "Parijs"
            }
        },
        {
            "type": "Feature",
            "geometry": {
                "type": "Point",
                "coordinates": [
                    5.100836999999956,
                    52.457591
                ]
            },
            "properties": {
                "id": 206,
                "name": "cafe de visscher",
                "description": "Hoewel het testpanel van Geensnor in deze niet unaniem was, kunnen wel stellen dat je hier waarschijnlijk de beste hamburgers van heel Marken kan krijgen. De bediening is vriendelijk maar weinig asser...",
                "fullDescription": "Hoewel het testpanel van Geensnor in deze niet unaniem was, kunnen wel stellen dat je hier waarschijnlijk de beste hamburgers van heel Marken kan krijgen. De bediening is vriendelijk maar weinig assertief.",
                "images": [],
                "category": "overig",
                "placeName": "Marken"
            }
        },
        {
            "type": "Feature",
            "geometry": {
                "type": "Point",
                "coordinates": [
                    5.868882536888123,
                    51.84577540825983
                ]
            },
            "properties": {
                "id": 207,
                "name": "Wally",
                "description": "Beste hamburgers van Nijmegen. Vriendelijk personeel en behoorlijke bierkaart. Weinig keuze qua hamburgers (maar 4), maar dat mag de pret niet drukken.",
                "fullDescription": "Beste hamburgers van Nijmegen. Vriendelijk personeel en behoorlijke bierkaart. Weinig keuze qua hamburgers (maar 4), maar dat mag de pret niet drukken.",
                "images": [
                    "https:\/\/lh4.googleusercontent.com\/proxy\/1_o0xQ6IffGGz8zAiVxoNNV9pGHWP54GqlC7Z5mJnVzCI5z24kORJw12C-VgEjUiZb1JDxy7utZQz1QwgkEaxArGi4U8dh-RKNNZ_rkcugImSXEM_ILokVRDbayxinVj6IqXIqU327U5P0YaNF-iHA"
                ],
                "category": "overig",
                "placeName": "Nijmegen"
            }
        },
        {
            "type": "Feature",
            "geometry": {
                "type": "Point",
                "coordinates": [
                    5.116210000000024,
                    52.092154
                ]
            },
            "properties": {
                "id": 208,
                "name": "Firma Pickles Burgers & Wines",
                "description": "De burgers zijn wat smaakloos. De volkorensmaak van het broodje overheerst. Geen wereldburgers. Rare dunne frietjes in vreemd emmertje. Wijn was lekker. Het geheel is wat \"bedacht\" op een overdreven m...",
                "fullDescription": "De burgers zijn wat smaakloos. De volkorensmaak van het broodje overheerst. Geen wereldburgers. Rare dunne frietjes in vreemd emmertje. Wijn was lekker. Het geheel is wat \"bedacht\" op een overdreven manier.",
                "images": [],
                "category": "overig",
                "placeName": "Utrecht"
            }
        },
        {
            "type": "Feature",
            "geometry": {
                "type": "Point",
                "coordinates": [
                    6.53756999999996,
                    45.32292
                ]
            },
            "properties": {
                "id": 209,
                "name": "Restaurant Le Grand Lac",
                "description": "Misschien wel de beste burgers van Trois Vallee. Niet goedkoop, maar verder prima. Neem wel het uitgebreide hamburger gerecht anders krijg je alleen het vlees een geen broodje.",
                "fullDescription": "Misschien wel de beste burgers van Trois Vallee. Niet goedkoop, maar verder prima. Neem wel het uitgebreide hamburger gerecht anders krijg je alleen het vlees een geen broodje.",
                "images": [],
                "category": "overig",
                "placeName": "Les Belleville"
            }
        },
        {
            "type": "Feature",
            "geometry": {
                "type": "Point",
                "coordinates": [
                    6.507855999999947,
                    45.358893
                ]
            },
            "properties": {
                "id": 210,
                "name": "Au Village",
                "description": "Laat je niet afschrikken door de ligging (midden in een gaar winkelcentrum) of de grote (heel klein). Hier kun je echt wel lekker eten. De toilet is een soort houten hutje midden in de zaak en biedt g...",
                "fullDescription": "Laat je niet afschrikken door de ligging (midden in een gaar winkelcentrum) of de grote (heel klein). Hier kun je echt wel lekker eten. De toilet is een soort houten hutje midden in de zaak en biedt geen enkele vorm van privacy.",
                "images": [],
                "category": "overig",
                "placeName": "Les Belleville"
            }
        },
        {
            "type": "Feature",
            "geometry": {
                "type": "Point",
                "coordinates": [
                    5.8672866225242615,
                    51.84398579537366
                ]
            },
            "properties": {
                "id": 211,
                "name": "The Fuzz",
                "description": "Hipste koffietent van Nijmegen. Lekkere broodjes en gratis WiFi.",
                "fullDescription": "Hipste koffietent van Nijmegen. Lekkere broodjes en gratis WiFi.",
                "images": [],
                "category": "overig",
                "placeName": "Nijmegen"
            }
        },
        {
            "type": "Feature",
            "geometry": {
                "type": "Point",
                "coordinates": [
                    5.915174782276154,
                    51.98233780833968
                ]
            },
            "properties": {
                "id": 212,
                "name": "Bistro Velvet",
                "description": "Driegangen diner voor 20 euro. Het eten is erg lekker alleen niet zo veel. Nu hoeft het van ons niet zo heel erg veel te zijn, maar dit is eigenlijk gewoon te weinig. Verder loopt er een gigantische p...",
                "fullDescription": "Driegangen diner voor 20 euro. Het eten is erg lekker alleen niet zo veel. Nu hoeft het van ons niet zo heel erg veel te zijn, maar dit is eigenlijk gewoon te weinig. Verder loopt er een gigantische partij personeel rond. Dat werkt wel goed.",
                "images": [],
                "category": "overig",
                "placeName": "Arnhem"
            }
        },
        {
            "type": "Feature",
            "geometry": {
                "type": "Point",
                "coordinates": [
                    5.1230390000000625,
                    52.078999
                ]
            },
            "properties": {
                "id": 213,
                "name": "Restaurant Keuken en deli",
                "description": "Best burger in town....zeggen ze. Nu is de burger prima tot goed maar het zo noemen zegt het wel meteen. Pretenties tot aan het plafond maar de basics niet op orde. Gewoon normale bediening, geen frat...",
                "fullDescription": "Best burger in town....zeggen ze. Nu is de burger prima tot goed maar het zo noemen zegt het wel meteen. Pretenties tot aan het plafond maar de basics niet op orde. Gewoon normale bediening, geen fratsen, kwaliteit. De inrichting heeft hetzelfde. Lekker pretenties met natuurlijke materialen en bioecoduurzaam vibe. Geensnor zegt erg goede burgers maar doe eens normaal.",
                "images": [
                    "https:\/\/lh6.googleusercontent.com\/proxy\/8esk5jk6jWkaMRLDmRQqdAQjTN3RIgQ1G-XmUOsmEhHzdfLvrarcQwJuFgHdW8_5b4Om_OJS3V0rTtoienP7vYYshS3L5UZymSriV5T-22zzQ6aqjeSRT71tpxv1_UyWVxtEYQ"
                ],
                "category": "overig",
                "placeName": "Utrecht"
            }
        },
        {
            "type": "Feature",
            "geometry": {
                "type": "Point",
                "coordinates": [
                    5.885878,
                    51.835817
                ]
            },
            "properties": {
                "id": 214,
                "name": "Eetcafe Grut",
                "description": "Erg lekker eten en daarom vaak druk.",
                "fullDescription": "Erg lekker eten en daarom vaak druk.",
                "images": [],
                "category": "overig",
                "placeName": "Nijmegen"
            }
        },
        {
            "type": "Feature",
            "geometry": {
                "type": "Point",
                "coordinates": [
                    3.9232180000000194,
                    51.648449
                ]
            },
            "properties": {
                "id": 215,
                "name": "Café-Restaurant De Proeverij",
                "description": "Top. Dat is wat Geensnor hiervan zegt. Geen neon of andere fratsen maar gewoon goed eten, strakke bediening en lekkere wijn. Interieur is al weer een tijdje aanwezig. Schrootjes aan de muur is immers ...",
                "fullDescription": "Top. Dat is wat Geensnor hiervan zegt. Geen neon of andere fratsen maar gewoon goed eten, strakke bediening en lekkere wijn. Interieur is al weer een tijdje aanwezig. Schrootjes aan de muur is immers al weer een tijdje niet zo hip. Wij hadden mosselen en een goede fles wijn en waren voor 50 euro de man klaar.",
                "images": [
                    "https:\/\/lh5.googleusercontent.com\/proxy\/6FIZoBZ3esqRnHyTYK-u1rVZcByAj2wFDPViATYHjHZuUPT_od0RSZnSvr5qIDC0qLBgHRxbXbT7swohBXE7Xbm93naV"
                ],
                "category": "overig",
                "placeName": "Zierikzee"
            }
        },
        {
            "type": "Feature",
            "geometry": {
                "type": "Point",
                "coordinates": [
                    3.9193809999999303,
                    51.647154
                ]
            },
            "properties": {
                "id": 216,
                "name": "Brasserie Maritime",
                "description": "Veel praat...toch middelmaat. Het was niet heel vies maar de kaart deed veel meer smaak vermoeden. Pretenties tot aan het plafond maar het was gewoon onder aan de streep niet zo heel goed of lekker. M...",
                "fullDescription": "Veel praat...toch middelmaat. Het was niet heel vies maar de kaart deed veel meer smaak vermoeden. Pretenties tot aan het plafond maar het was gewoon onder aan de streep niet zo heel goed of lekker. Maar wat wil je dan ook....er was neon",
                "images": [],
                "category": "overig",
                "placeName": "Zierikzee"
            }
        },
        {
            "type": "Feature",
            "geometry": {
                "type": "Point",
                "coordinates": [
                    4.034672677516937,
                    51.82393395427677
                ]
            },
            "properties": {
                "id": 217,
                "name": "De molen (vis)",
                "description": "Ok. Een pareltje en absolute tip. Net onder de grote weg de visafslag op vind je de molen. Een soort cafetaria\/vis tent waar de vis direct vanaf de boot de pan inspringt. Probeer de kibbelingen..die z...",
                "fullDescription": "Ok. Een pareltje en absolute tip. Net onder de grote weg de visafslag op vind je de molen. Een soort cafetaria\/vis tent waar de vis direct vanaf de boot de pan inspringt. Probeer de kibbelingen..die zijn top. (of de vispizza)",
                "images": [],
                "category": "overig",
                "placeName": "Stellendam"
            }
        },
        {
            "type": "Feature",
            "geometry": {
                "type": "Point",
                "coordinates": [
                    5.120816099999956,
                    52.0907846
                ]
            },
            "properties": {
                "id": 218,
                "name": "Lebowski",
                "description": "Jumanji binnen. Achterin een giraf. Ondanks deze gekkigheid hele fatsoenlijke burgers. Tikkeltje aan de prijzige kant. Wij hadden de lebowski burger voor 14 euro.",
                "fullDescription": "Jumanji binnen. Achterin een giraf. Ondanks deze gekkigheid hele fatsoenlijke burgers. Tikkeltje aan de prijzige kant. Wij hadden de lebowski burger voor 14 euro.",
                "images": [],
                "category": "overig",
                "placeName": "Utrecht"
            }
        },
        {
            "type": "Feature",
            "geometry": {
                "type": "Point",
                "coordinates": [
                    3.920849999999973,
                    51.647182
                ]
            },
            "properties": {
                "id": 219,
                "name": "Bed and Breakfast Huys aan de Haven",
                "description": "Ow ow wat pittoresk. Strak aan de haven, 18e eeuws...hout oud en dus wel wat gehorig. Fijn bed, mooie douche, geen keuken. Wel gratis ontbijt. Aanrader maar wel gehorig (en ik vermoed warm zomers)",
                "fullDescription": "Ow ow wat pittoresk. Strak aan de haven, 18e eeuws...hout oud en dus wel wat gehorig. Fijn bed, mooie douche, geen keuken. Wel gratis ontbijt. Aanrader maar wel gehorig (en ik vermoed warm zomers)",
                "images": [
                    "https:\/\/lh3.googleusercontent.com\/proxy\/NCZBvbPYloWdhd8-RniCnzevhpQ-72J8wmSpdNsGZhU_6bpytfHCR4qYCjCRU6rMPlraoXiYXbc2D7WCgcuHYNdwlGGyayB7h7umA_YPeISTz2UA0Ii8iAk0Fk9eJodWlLIM46-fpMaiANAfUdoaWLMiCIrK4_4sjB5vPt-QguqQoltnDP4hkTw"
                ],
                "category": "overig",
                "placeName": "Zierikzee"
            }
        },
        {
            "type": "Feature",
            "geometry": {
                "type": "Point",
                "coordinates": [
                    3.754766000000018,
                    51.674131
                ]
            },
            "properties": {
                "id": 220,
                "name": "Bar petit Restaurant 't Oliegeultje",
                "description": "Leuk uitzicht, goede broodjes, fijn terras.",
                "fullDescription": "Leuk uitzicht, goede broodjes, fijn terras.",
                "images": [
                    "https:\/\/lh4.googleusercontent.com\/proxy\/GZYXNF0NjM8tOkfBZLv_ZkfkYWSz8w4Zw_bZ2Yc4i1QC384y3vUBoYWpPH8_prb_qsRr1XimyUedRV-rU24zkignR1t42kvv1CI-HSuoXBRncm0QUCE5UlAg1cg8Jap4xpjIwGBTeOxaFzA6lRQS"
                ],
                "category": "overig",
                "placeName": "Burgh-Haamstede"
            }
        },
        {
            "type": "Feature",
            "geometry": {
                "type": "Point",
                "coordinates": [
                    5.873788999999989,
                    51.842526
                ]
            },
            "properties": {
                "id": 221,
                "name": "Lodewijk Nijmegen BV",
                "description": "Bijzonder lekker eten en daarom vaak druk. De drukte en het de kleine oppervlakte zorgen ervoor dat je erg dicht op elkaar zit. Prijs\/kwaliteit verhouding is prima!",
                "fullDescription": "Bijzonder lekker eten en daarom vaak druk. De drukte en het de kleine oppervlakte zorgen ervoor dat je erg dicht op elkaar zit. Prijs\/kwaliteit verhouding is prima!",
                "images": [],
                "category": "overig",
                "placeName": "Nijmegen"
            }
        },
        {
            "type": "Feature",
            "geometry": {
                "type": "Point",
                "coordinates": [
                    4.480282999999986,
                    51.916873
                ]
            },
            "properties": {
                "id": 222,
                "name": "Restaurant Gusto",
                "description": "Ow wow. Dit is een partij prima zeg. Wij hadden eerst het assorti met hapjes als voorgerecht (2pers) met echt top worst en vlees en brood en daarna een hele lekker pizza. Je zit er ook leuk en het is ...",
                "fullDescription": "Ow wow. Dit is een partij prima zeg. Wij hadden eerst het assorti met hapjes als voorgerecht (2pers) met echt top worst en vlees en brood en daarna een hele lekker pizza. Je zit er ook leuk en het is niet gek duur.",
                "images": [
                    "https:\/\/lh4.googleusercontent.com\/proxy\/njqZcrgORJ2ttBRN1TcsSJNH58mf6zD_qLfo2FWkERDR0HnyHSmIsOzPgA9mP3JcMRGezp2qMM5UXWZtk-dkFUZezgiFx6-jvDkzCBQA-PCiCHFfWiJ4ByRRkoAVkWqACZhO9n9MAQ"
                ],
                "category": "overig",
                "placeName": "Rotterdam"
            }
        },
        {
            "type": "Feature",
            "geometry": {
                "type": "Point",
                "coordinates": [
                    13.420456000000058,
                    52.536666
                ]
            },
            "properties": {
                "id": 223,
                "name": "No Fire, No Glory!",
                "description": "Top koffie!",
                "fullDescription": "Top koffie!",
                "images": [
                    "https:\/\/lh4.googleusercontent.com\/proxy\/b-oFs4uU_2ivJsa-acbknWUuwMd76AjecnzwSGYdwVouSlBb8aUBwejndTFrDB35uxQ2EztlG-q9_wTZUtLHrt-R8M3s4gBFZwOLGasK_E5UKQcd-TWloXtV2PMApJlDz-VKX-yl2FwS9uhyMMc"
                ],
                "category": "overig",
                "placeName": "Berlijn"
            }
        },
        {
            "type": "Feature",
            "geometry": {
                "type": "Point",
                "coordinates": [
                    13.422913999999993,
                    52.545141
                ]
            },
            "properties": {
                "id": 224,
                "name": "Beakers",
                "description": "Voor een goed ontbijt!",
                "fullDescription": "Voor een goed ontbijt!",
                "images": [
                    "https:\/\/lh5.googleusercontent.com\/proxy\/b4Bgxb9-8JaEV6_dkCWlbUn4vigAb5rQdpjxzyXIbaLmwGqKnLL7CXvTx8kdVVWucfKrvtK_ezcYdEJKU9RlMkecFCufByGhDLOaR7WiMPcohANsHsop_wKbKEmzl3QJnzRKdw"
                ],
                "category": "overig",
                "placeName": "Berlijn"
            }
        },
        {
            "type": "Feature",
            "geometry": {
                "type": "Point",
                "coordinates": [
                    13.409245000000055,
                    52.54906
                ]
            },
            "properties": {
                "id": 225,
                "name": "Omoni",
                "description": "Waarschijnlijk de beste sushi in Berlijn",
                "fullDescription": "Waarschijnlijk de beste sushi in Berlijn",
                "images": [
                    "https:\/\/lh6.googleusercontent.com\/proxy\/o3e0oTa5GDdeZyqF4FJntP34vOyj23hU3hIZtXu__gj14ATg4ceFp_uU3XFjl1pGnA3flnBRaRmrqylUuqRsJeNN3WhBHHUf-yByKMUjhCpViy4Kbn5_e4cOWfh9TO0wBstCqoCLLR6L2hX6tE-WpuGs9w"
                ],
                "category": "overig",
                "placeName": "Berlijn"
            }
        },
        {
            "type": "Feature",
            "geometry": {
                "type": "Point",
                "coordinates": [
                    12.246687000000065,
                    51.839611000000005
                ]
            },
            "properties": {
                "id": 226,
                "name": "K.i.e.z.e.v.",
                "description": "De enige normale plek in dessau. Biertjes drinken in een kroeg\/bioscoop. Neem de augustiner.",
                "fullDescription": "De enige normale plek in dessau. Biertjes drinken in een kroeg\/bioscoop. Neem de augustiner.",
                "images": [],
                "category": "overig",
                "placeName": "Dessau-Roßlau"
            }
        },
        {
            "type": "Feature",
            "geometry": {
                "type": "Point",
                "coordinates": [
                    12.245622000000026,
                    51.835423
                ]
            },
            "properties": {
                "id": 227,
                "name": "Brauhaus Zum Alten Dessauer",
                "description": "Klassiek duitse kaart. Schnitzel met asperges is lekker",
                "fullDescription": "Klassiek duitse kaart. Schnitzel met asperges is lekker",
                "images": [],
                "category": "overig",
                "placeName": "Dessau-Roßlau"
            }
        },
        {
            "type": "Feature",
            "geometry": {
                "type": "Point",
                "coordinates": [
                    5.869205999999963,
                    51.846316
                ]
            },
            "properties": {
                "id": 228,
                "name": "In-Credible",
                "description": "In heel veel gevallen het restaurant waar je naar opzoek bent. Lekker eten voor een prima prijs (11 euro voor een lekkere hamburger). Het terras ligt aan een drukke weg, maar heeft wel lang zon. De be...",
                "fullDescription": "In heel veel gevallen het restaurant waar je naar opzoek bent. Lekker eten voor een prima prijs (11 euro voor een lekkere hamburger). Het terras ligt aan een drukke weg, maar heeft wel lang zon. De bediening is erg goed en vriendelijk. En als je moe bent kun je er ook nog slapen! (het is ook een hotel)",
                "images": [
                    "https:\/\/lh4.googleusercontent.com\/proxy\/qn1hoX_iUTHCcl3fKnwcaoznGUFlL7gQLhknHUzR4Q0Zhi5G1lOZ6G9eyHaHTMMWkIhTJLW2lrW2b6gen-M-nTZEjjbJMfX40ihBrAAZ6Wpsowwl9wpduYpNcmBx0PfNDXQvR1l2GsdA09902xmi6mPPwajhPZhMCQ"
                ],
                "category": "overig",
                "placeName": "Nijmegen"
            }
        },
        {
            "type": "Feature",
            "geometry": {
                "type": "Point",
                "coordinates": [
                    5.184894999999983,
                    52.745929
                ]
            },
            "properties": {
                "id": 229,
                "name": "1619 Eten & Drinken",
                "description": "Restaurants in jachthavens kunnen flink tegenvallen, maar dit is een uitzondering. Hier kun je prima eten. In een VT wonen achtig interieur serveert een ietwat jonge en onervaren bediening lekker eten...",
                "fullDescription": "Restaurants in jachthavens kunnen flink tegenvallen, maar dit is een uitzondering. Hier kun je prima eten. In een VT wonen achtig interieur serveert een ietwat jonge en onervaren bediening lekker eten. ca. 20 euro voor een hoofdgerecht.",
                "images": [
                    "https:\/\/lh3.googleusercontent.com\/proxy\/dkM7hyEBL0m6gY6ToUBnnU9sIO4ZeHe3b3e9t5KYACjZWK6mB1lWAEokxaL3Nu0UZ3oAwBPh1OjscrKuS1gHcGD0xXLlyPJ91ePlOGl_48mZX1I0i-hR"
                ],
                "category": "overig",
                "placeName": "Andijk"
            }
        },
        {
            "type": "Feature",
            "geometry": {
                "type": "Point",
                "coordinates": [
                    2.344728000000032,
                    48.851144
                ]
            },
            "properties": {
                "id": 230,
                "name": "Loulou' Friendly diner",
                "description": "Op Amerikaanse leest geschoeid restaurant. Heel erg lekkere hamburgers en het personeel is inderdaad \"Friendly\" zoals de naam al suggereert. Niet heel prijzig (maar best wel een beetje) in een zeer pr...",
                "fullDescription": "Op Amerikaanse leest geschoeid restaurant. Heel erg lekkere hamburgers en het personeel is inderdaad \"Friendly\" zoals de naam al suggereert. Niet heel prijzig (maar best wel een beetje) in een zeer prijzige buurt.",
                "images": [
                    "https:\/\/lh3.googleusercontent.com\/proxy\/-SOSPyt_Eh7v_jMsw8ZV9cwNRP_5hazQH8O5nRaWXVkRge8wNgvQm9_0vs2akD0pZfzEtjdndnE6F2pQODnOFcNoMkm_fFmh8Be8s72-mbE8VOPJ7vEbU9423eJIcYEy6UeJ3Ndxdg"
                ],
                "category": "overig",
                "placeName": "Parijs"
            }
        },
        {
            "type": "Feature",
            "geometry": {
                "type": "Point",
                "coordinates": [
                    2.372188999999935,
                    48.86641
                ]
            },
            "properties": {
                "id": 231,
                "name": "Les p'tites indécises",
                "description": "Smakelijk en zeer betaalbaar restaurant aan geinig pleintje. Voor 15 euro heb je een voor- en hoofdgerecht met een glas wijn. Geschikt voor diner en stevige lunch. Als je zin hebt om lekker frans te d...",
                "fullDescription": "Smakelijk en zeer betaalbaar restaurant aan geinig pleintje. Voor 15 euro heb je een voor- en hoofdgerecht met een glas wijn. Geschikt voor diner en stevige lunch. Als je zin hebt om lekker frans te doen, kun je de boeuf tartaar nemen.",
                "images": [
                    "https:\/\/lh6.googleusercontent.com\/proxy\/pFKCtw3laaFYVODpIGvAuU2e0kW__MN9vjiKnKAcrANPfj9cdNIqfLTZB5feBOl6sscbmKAzBOrfoW-xNO-8C0I9-s0tODuR6ONLGcPhSdriL4b4xjhOwdEXtl6YRUHCreDRoy3-BLzI9UnR-Ozqn8xRcwhYOZhND8xXJw"
                ],
                "category": "overig",
                "placeName": "Parijs"
            }
        },
        {
            "type": "Feature",
            "geometry": {
                "type": "Point",
                "coordinates": [
                    5.855987000000027,
                    51.839505
                ]
            },
            "properties": {
                "id": 232,
                "name": "Café en restaurant De Kluizenaar",
                "description": "Cafe met terras. Veel verschillende soorten bier. Je kan hier tapas eten maar verwacht geen hoogstandjes.",
                "fullDescription": "Cafe met terras. Veel verschillende soorten bier. Je kan hier tapas eten maar verwacht geen hoogstandjes.",
                "images": [],
                "category": "overig",
                "placeName": "Nijmegen"
            }
        },
        {
            "type": "Feature",
            "geometry": {
                "type": "Point",
                "coordinates": [
                    5.080587,
                    52.10935
                ]
            },
            "properties": {
                "id": 1778265341,
                "name": "Prima huis",
                "description": "",
                "fullDescription": "",
                "images": [],
                "category": "overig",
                "date": "8-5-2026, 20:35:41",
                "placeName": "Utrecht"
            }
        }
    ]
}